adm0_name,adm1_name,mean,lower,upper
ETHIOPIA,BENESHANGUL GUMUZ,0.9702457985305198,0.6755065446023386,1.3935866603932043
MOZAMBIQUE,INHAMBANE,1.232433149566223,0.7572492903746512,2.005801111280337
LIBERIA,SINOE,1.0467227891242479,0.6841819788645104,1.6013701487583551
NIGERIA,JIGAWA,0.6641992031999209,0.6089652136914998,0.7244429921655594
ZAMBIA,LUAPULA,1.0622953320505177,0.7500184105108203,1.5045915629294297
EGYPT,CAIRO,0.9373129022939158,0.677399295484509,1.2969536323155726
KENYA,TAITA TAVETA,1.0404245357077824,0.7242437611130671,1.494639336401215
CÔTE D’IVOIRE,NAWA,1.057407157000176,0.759546714365825,1.4720752187161392
TUNISIA,GABES,0.8816264573143536,0.5524130702030443,1.4070362418307174
ANGOLA,CUANZA SUL,1.1681691784414956,0.8901436232482114,1.5330326408238069
SUDAN,NORTH DARFUR,0.9224601746570557,0.697309311922878,1.2203089207023776
PAKISTAN,KPAKHTUNKHWA,0.6611962680102825,0.6119703546103775,0.7143818348996087
DEMOCRATIC REPUBLIC OF THE CONGO,KWANGO,1.0524132280460037,0.7752057733679963,1.4287478765208264
NIGERIA,ZAMFARA,0.6879031535515268,0.635154522827329,0.7450324789622573
UNITED REPUBLIC OF TANZANIA,SIMIYU,1.08083068846936,0.746798085614698,1.5642715208296178
BURUNDI,BUJUMBURA MAIRIE,0.9618671164099012,0.6559613262365496,1.4104312443826321
GHANA,EASTERN,0.9644526390527705,0.7224941793610918,1.2874413656846497
SOUTH AFRICA,MPUMALANGA,1.243458111849247,0.8002515785914528,1.9321274925132759
KENYA,MAKUENI,1.021499381880163,0.6740090821463229,1.5481408408604034
SUDAN,KHARTOUM,1.1792408528101535,0.8605384147043635,1.6159754929873298
GHANA,BONO EAST,0.9801168762657959,0.724152709915098,1.326555957035152
UZBEKISTAN,ANDIJAN,1.0839291307054735,0.6675745075260417,1.7599568994118477
YEMEN,SAADAH,1.1054875344475923,0.8056354826721637,1.5169424821825128
GHANA,CENTRAL,1.0186441983976462,0.7112372131699367,1.4589169178936923
BENIN,OUEME,0.8102927344818299,0.5956534782820959,1.1022756342288915
EGYPT,MENOUFIA,0.9993748272059942,0.6754188979799284,1.4787120233681892
EGYPT,S. SINAI,0.9719788740579899,0.654207204028618,1.4441035283581354
AFGHANISTAN,KABUL,1.088815831191043,0.8383949368567423,1.414035154717082
KENYA,MANDERA,0.830490986999785,0.5646473550806057,1.221497405915268
YEMEN,TAIZ,1.0301957234563057,0.7368685011505614,1.4402885005540644
MOZAMBIQUE,NAMPULA,1.2803988344774202,0.7945710954651182,2.063278144256516
SOUTH SUDAN,UNITY,1.0285210437276413,0.7731449990015685,1.3682498609661842
UNITED ARAB EMIRATES,FUJAIRAH,1.3035787447332174,0.7027588737678429,2.4180662915138162
SOUTH AFRICA,NORTHERN CAPE,1.30468876107971,0.833671851447134,2.0418258818897597
TUNISIA,TUNIS,0.9702627004125424,0.5236900879855234,1.7976466032289387
SENEGAL,DAKAR,1.574600397399139,1.0577075982395079,2.3440943561493612
MOROCCO,FES-MEKNES,0.8751357097086807,0.5213543467453612,1.4689865255527983
SUDAN,KASSALA,1.0908916809974123,0.7859752619526497,1.5140993836279966
MADAGASCAR,SUD-OUEST,1.0012320931824858,0.5857260716336674,1.711492373256621
GUINEA-BISSAU,CACHEU,1.1558349787430193,0.7184516061815658,1.8594912817945017
NIGERIA,BAYELSA,0.9251731211048217,0.6371427759294843,1.3434120833688465
MOZAMBIQUE,TETE,1.236049974090664,0.8651794000563482,1.7658991168190425
YEMEN,IBB,1.1384764245580292,0.7824243816825702,1.656554421894634
DEMOCRATIC REPUBLIC OF THE CONGO,SUD-UBANGI,0.9186776675911993,0.6933882916275691,1.2171660051394642
SOMALIA,BANADIR,0.6798952548097125,0.6036843498838987,0.7657272506760631
YEMEN,ALJAWF,1.2368150969997143,0.8604126810569399,1.7778812630786645
SUDAN,SOUTH KORDOFAN,1.0331576804360842,0.7287847246003151,1.4646503372164783
IRAN (ISLAMIC REPUBLIC OF),ARDEBIL,1.0476026498519417,0.6208352241868423,1.767733642069451
SUDAN,WEST KORDOFAN,1.0754905942531592,0.7753098601680023,1.491893857865256
MADAGASCAR,SOFIA,1.0009863613744134,0.5819919303278169,1.7216281591622924
PAKISTAN,SINDH,0.8424835020059611,0.7706870213688893,0.9209684754928451
EGYPT,QENA,0.9021843353347466,0.628368288327281,1.2953177142183647
IRAN (ISLAMIC REPUBLIC OF),KHOUZESTAN,1.0699780053694856,0.7317060457381757,1.5646350589046827
BURKINA FASO,FADA,0.9569639691301337,0.7074630593132508,1.2944563340201343
CHAD,MAYO KEBBI OUEST,0.7467869135992956,0.5675588403750925,0.9826129991290279
CÔTE D’IVOIRE,FOLON,1.0179224009401973,0.7000405147811402,1.4801514947457053
BURUNDI,RUMONGE,1.0367466803346426,0.6949124739943509,1.5467324582716289
KENYA,BUSIA,1.0793596708012183,0.7237994940213821,1.6095856774910902
CAMEROON,EST,0.7704214460730505,0.591483369131953,1.0034926348654039
GUINEA-BISSAU,GABU,1.04745793683296,0.6690903650042949,1.639790657316251
ETHIOPIA,GAMBELLA,0.7965005216729397,0.5703776350831824,1.112268507745303
CAMEROON,CENTRE,0.6148426943202426,0.5003862244153188,0.7554795082552286
MOROCCO,SOUSS-MASSA,0.8319105559236398,0.5115234539279927,1.352968603380214
MOZAMBIQUE,GAZA,1.245537368242462,0.8285259559738549,1.8724378210515755
DEMOCRATIC REPUBLIC OF THE CONGO,TSHOPO,0.7857194057530491,0.6517703551249994,0.9471970913106752
SYRIAN ARAB REPUBLIC,DARA,1.0200195264564413,0.669134816886175,1.554903149703254
GUINEA-BISSAU,BAFATA,1.0966377984269249,0.7049287153658467,1.706008614380982
LIBYA,AL WASTA,0.8408110738728046,0.557743199814446,1.2675425934056002
GHANA,WESTERN NORTH,1.0240084872138062,0.737803731098285,1.4212362145756385
AFGHANISTAN,FARYAB,0.9017696772886343,0.6782544378620806,1.1989432069777397
YEMEN,HADRAMOAT ALMUKLLAA,1.2676066971541788,0.8005670154054209,2.0071108448758697
NIGERIA,LAGOS,0.666619160165936,0.5829621122887539,0.762281279233848
DEMOCRATIC REPUBLIC OF THE CONGO,KINSHASA,0.7345123002057239,0.5996052853847652,0.8997724541525727
KENYA,BUNGOMA,1.0742868679336008,0.7247312588352215,1.5924416955181842
ZIMBABWE,MASHONALAND CENTRAL,1.286231367590121,0.855769625194814,1.9332202058423575
NIGERIA,ABIA,0.8539337995492219,0.6545080068660528,1.1141237790262872
AFGHANISTAN,BADAKHSHAN,0.961655297863163,0.7042889919372456,1.3130702346554488
GUINEA,KINDIA,0.7118036487888015,0.5379398504631279,0.941860756351942
PAKISTAN,PUNJAB,0.7864817471432222,0.6899201272276737,0.8965581872136527
KENYA,KIRINYAGA,1.0075029230597803,0.6751230729111892,1.5035216254674373
MADAGASCAR,ITASY,0.9991745614927466,0.5270297861246243,1.894294839909008
DEMOCRATIC REPUBLIC OF THE CONGO,KWILU,1.0882076441059356,0.8144985301346664,1.453895658344282
IRAN (ISLAMIC REPUBLIC OF),GOLESTAN,1.0039974878534288,0.6543049999677522,1.540582687990583
CHAD,BAHR ELGHAZAL,0.6932416757190193,0.5186273125073166,0.9266461857365714
ANGOLA,MALANJE,1.1317182079236114,0.8244587647979338,1.553487156461655
SENEGAL,THIES,1.3140309652955635,0.8510026627232081,2.0289917451376986
KENYA,MERU,1.0028175880064345,0.697021465414104,1.4427720876825298
GUINEA-BISSAU,BIOMBO,1.154751185105124,0.6682188398292526,1.9955293386256827
DEMOCRATIC REPUBLIC OF THE CONGO,KASAI CENTRAL,1.116722004709651,0.8215718439311464,1.5179050316958709
DEMOCRATIC REPUBLIC OF THE CONGO,NORD KIVU,1.0416551198733248,0.789100604266989,1.3750406258606649
MOROCCO,B. MELLAL-KHENIFRA,0.8745843007480036,0.5129481174438033,1.491179464556031
NAMIBIA,OMUSATI,1.2437142452867647,0.7627570185777393,2.027939548577986
CAMEROON,SUD,0.8720341658731703,0.6275570395386709,1.2117521413019792
UNITED REPUBLIC OF TANZANIA,MARA,1.0845222279675517,0.7783976943982706,1.5110379583857043
TUNISIA,KASSERINE,0.9025613803874564,0.5573580152978334,1.461568727833953
IRAN (ISLAMIC REPUBLIC OF),GHAZVIN,1.0396654606147804,0.689824393530462,1.56692671371531
AFGHANISTAN,KHOST,0.9879970250161625,0.7818754727633366,1.2484572741371194
DEMOCRATIC REPUBLIC OF THE CONGO,HAUT KATANGA,1.1132774524827338,0.9265423700631278,1.3376470696337417
EGYPT,KAFR EL SHEIKH,1.032129965014413,0.6478375512517515,1.6443817784601955
EGYPT,BEHEIRA,1.0033852392269191,0.6773778978375197,1.4862928677072886
DEMOCRATIC REPUBLIC OF THE CONGO,KASAI ORIENTAL,1.300891036849252,0.9252581692397707,1.8290219378935046
TUNISIA,SIDI-BOUZID,0.9116847992205428,0.5609497802621749,1.4817176196081825
AFGHANISTAN,BAGHLAN,1.0124908408437352,0.7390173111342921,1.387163314508838
UZBEKISTAN,SAMARKAND,1.0406018059530402,0.6745846129953039,1.6052131900024036
GABON,NYANGA,1.0074520160184859,0.643808720624865,1.5764924146951853
ZIMBABWE,MATABELELAND SOUTH,1.2672067227231145,0.8632761139412514,1.8601382016506678
CAMEROON,NORD OUEST,0.7906651617152858,0.5465203564313378,1.1438757780814706
KENYA,SIAYA,1.0852491178358656,0.7348335877730249,1.6027651258196371
DEMOCRATIC REPUBLIC OF THE CONGO,EQUATEUR,1.077714893534537,0.855367463733106,1.3578601489903812
CÔTE D’IVOIRE,BOUNKANI,1.0394322544490062,0.7623508992503559,1.417220616715159
CENTRAL AFRICAN REPUBLIC,RS3,0.8722883051655803,0.685880466341688,1.1093578614171928
TUNISIA,BIZERTE,0.9658685526878933,0.515194988135338,1.810774721330053
BOTSWANA,GABORONE,1.1865701917715332,0.755513512881735,1.8635653710949958
NIGERIA,AKWA IBOM,0.9479213322156177,0.639377048711569,1.405359879401588
SOUTH AFRICA,LIMPOPO,1.2691733798573375,0.8610155704001948,1.870815259925915
UNITED REPUBLIC OF TANZANIA,MOROGORO,1.12492039797719,0.7698934725459011,1.6436636325809524
YEMEN,ALHUDAIDAH,1.2429213544889826,0.8785361580820198,1.7584404230070405
NIGERIA,ENUGU,0.8619858937009099,0.630559010949057,1.1783507459849567
TUNISIA,SOUSSE,0.9589983009165309,0.5373889791774719,1.7113818421964173
EGYPT,DAMIETTA,1.027595425855322,0.5241518089037882,2.01459260714411
DEMOCRATIC REPUBLIC OF THE CONGO,NORD UBANGI,0.9448160693040997,0.7201451298587337,1.2395798677279954
SYRIAN ARAB REPUBLIC,ALEPPO,0.8483479674825569,0.5710386461672694,1.2603249863424684
SOUTH AFRICA,GAUTENG,1.2778152098818272,0.7970365896330053,2.0486032032195274
ANGOLA,HUAMBO,1.1503013042517385,0.8848072783163371,1.4954590937374517
NIGER,DOSSO,0.6687487543268166,0.5357870014230667,0.8347065069250015
NIGER,TAHOUA,0.6622841701361426,0.5651425181046971,0.7761233812028646
ETHIOPIA,ADDIS ABABA,0.6789806450316113,0.4596422027270717,1.0029860478266113
NIGERIA,DELTA,0.9258798669933707,0.6823111759724191,1.256396726730906
AFGHANISTAN,KUNAR,0.984796494182627,0.7520759641549775,1.2895294906068082
GUINEA-BISSAU,QUINARA,1.1160381473927188,0.6785096849295973,1.835701352685944
CONGO,KOUILOU,1.0370928776565964,0.6568701752890057,1.6374036717572402
UGANDA,TESO,1.078335126148223,0.7274988602463799,1.5983621526105236
TAJIKISTAN,DRS,1.0203402153141112,0.7323726653591767,1.421536062486256
YEMEN,ALBAIDAH,1.1740302032098078,0.8291122164687077,1.6624371112506522
ZIMBABWE,MASVINGO,1.2596798370327267,0.8513572389016714,1.8638395485705952
MALI,SIKASSO,1.055824975496491,0.8191189310154663,1.3609334819062058
YEMEN,RIMAH,1.2223008644044357,0.7739105373476255,1.930480761050483
ZAMBIA,WESTERN,1.1898563455828897,0.8485565712821928,1.6684310404721974
CÔTE D’IVOIRE,WORODOUGOU,1.1045087138165428,0.786037700102118,1.5520114349962941
NIGERIA,ONDO,0.8733228980885192,0.6625599333194814,1.1511304049198612
ALGERIA,OUM EL BOUAGHI,0.8741146555290488,0.5651031897475833,1.352100722262708
YEMEN,AMRAN,1.237399564167023,0.8661775255164739,1.7677180904546774
EGYPT,LUXOR,0.99077589053413,0.6645915340170757,1.4770529190016382
GUINEA-BISSAU,BIJAGOS,1.173035629697276,0.4631053078985318,2.9712736284179635
UZBEKISTAN,SYRDARYA,1.0684508441684473,0.6446150829127103,1.7709595022908504
SOUTH AFRICA,WESTERN CAPE,1.314809746372167,0.7297775131323043,2.368837951357707
SOUTH SUDAN,WESTERN EQUATORIA,1.0504738844914578,0.7617111961425448,1.448705739901015
TUNISIA,MEDENINE,0.8395798526393046,0.547474596616891,1.2875379667179403
OMAN,ALWOUSTA,1.3293971642116755,0.8159790001461833,2.165860665406136
OMAN,ALBURAYMI,1.326770041918411,0.7584100866716355,2.321064520459552
IRAN (ISLAMIC REPUBLIC OF),FARS,1.0027856537411577,0.6707493671199374,1.499187500790104
ERITREA,DEBUB,1.038737063606291,0.67469666013827,1.5991996864017382
MOZAMBIQUE,CIDADE DE MAPUTO,1.2695076224686366,0.6032604075919641,2.6715653525799885
IRAN (ISLAMIC REPUBLIC OF),S & B,0.9014985429984058,0.6457890176844634,1.2584599625776525
SUDAN,EAST DARFUR,1.0751051034440045,0.7651013449485536,1.5107161830032638
KENYA,EMBU,1.0074236713938758,0.6840553798591655,1.4836553933596248
TUNISIA,GAFSA,0.8778744170961517,0.5581167917199592,1.380828356403577
SYRIAN ARAB REPUBLIC,RAQUA,0.7145567628735255,0.5521953805129829,0.9246570786122106
EGYPT,GHARBIA,1.0078198834158776,0.6716242651628366,1.5123052725948445
NIGER,AGADEZ,0.6518001277604323,0.5043606299996641,0.8423405422203535
EQUATORIAL GUINEA,BIOKO-NORTE,1.0026926890977892,0.5624823649028714,1.7874207113031324
CAMEROON,NORD,0.7731790382949505,0.5867898359130016,1.0187733131548937
ZIMBABWE,MASHONALAND WEST,1.28678550305218,0.8819799629912066,1.8773861089197597
"OCCUPIED PALESTINIAN TERRITORY, INCLUDING EAST JERUSALEM",WEST BANK,1.0707183721318718,0.673337369543228,1.7026202380515993
ALGERIA,SAIDA,0.8523653290404928,0.5497558128091786,1.3215442878863886
DEMOCRATIC REPUBLIC OF THE CONGO,TSHUAPA,1.0639857922871834,0.7930711270726241,1.4274454428414936
TUNISIA,MAHDIA,0.9506209913682558,0.5270354584951893,1.7146479514114452
AFGHANISTAN,NANGARHAR,0.9335202420537966,0.8046214928611751,1.0830683123133233
MADAGASCAR,MENABE,0.999669693672973,0.6141841578755367,1.6271007378388467
EGYPT,SOHAG,0.9860822473974747,0.6591971215262014,1.4750643879955225
AFGHANISTAN,GHAZNI,0.7438864822504485,0.6321492964422464,0.8753740636734257
IRAN (ISLAMIC REPUBLIC OF),ILAM,1.0718066552588204,0.726561122674132,1.5811051133991532
ANGOLA,BENGUELA,1.162269081969762,0.8307313092909514,1.6261207490251353
IRAN (ISLAMIC REPUBLIC OF),HAMEDAN,1.0442531692458794,0.6965599737876401,1.5655000610364018
SENEGAL,KAFFRINE,1.1587408598030724,0.7911301931681183,1.697167409071238
CÔTE D’IVOIRE,ABIDJAN 1,0.7402860697784267,0.6469401690838537,0.8471006923005838
BURKINA FASO,MANGA,1.0616139280180696,0.7474563310818316,1.5078126778734455
GABON,OGOOUE-IVINDO,0.9625387317555583,0.6616091551473064,1.4003446036403755
IRAN (ISLAMIC REPUBLIC OF),ESFAHAN,1.0150709044026924,0.7084545517135751,1.4543896125343458
EQUATORIAL GUINEA,KIE-NTEM,0.9081396393219819,0.5781361834564168,1.4265109642113116
CAMEROON,LITTORAL,0.7659274251981256,0.5595631348379098,1.0483979092735718
NIGERIA,TARABA,0.7368659822353508,0.6270816596767819,0.8658704450956737
YEMEN,ADEN,0.6970235366334916,0.5630219557021416,0.8629180544392258
IRAN (ISLAMIC REPUBLIC OF),CH & B,1.0463248342205587,0.6790209668100963,1.612314953763223
IRAQ,BAGHDAD-RESAFA,1.0654976162766086,0.6719098967606858,1.6896390063078512
GHANA,ASHANTI,0.9840420526868953,0.7358932959227098,1.3158684374778484
SYRIAN ARAB REPUBLIC,RURAL_DAMASCUS,0.9733426535426241,0.6824270046363408,1.388274371865245
NIGERIA,RIVERS,0.934489249323078,0.6803488854335097,1.283562266062911
CÔTE D’IVOIRE,AGNEBY-TIASSA,0.974257386297137,0.7042574289184597,1.3477705960620068
YEMEN,ALMAHARA,1.282037497930238,0.8232949876459695,1.9963927520059348
YEMEN,ABYAN,1.0988880703535981,0.7571365910175571,1.5948971499878977
TUNISIA,BEN-AROUS,0.9697858550340637,0.5319570616535902,1.767970899193727
DEMOCRATIC REPUBLIC OF THE CONGO,LOMAMI,1.1147636426085166,0.8374719838158031,1.4838681208410802
CHAD,CHARI BAGUIRMI,0.6240085282841321,0.5219457183114325,0.7460290020790827
LIBYA,TARABULUS,0.8336009222607724,0.516574756890338,1.3451886456417128
CÔTE D’IVOIRE,NZI,1.0726126860948004,0.7178410361075821,1.60271970603681
DEMOCRATIC REPUBLIC OF THE CONGO,ITURI,1.0677620796115168,0.7999186878175347,1.4252896900895744
IRAN (ISLAMIC REPUBLIC OF),YAZD,0.9859120478573379,0.6456550195485452,1.5054828610949345
SOMALIA,LOWER JUBA,0.7006327021236024,0.5932269054359579,0.8274846922599921
NIGERIA,BORNO,0.6280413337791401,0.5732519734070849,0.6880672640179116
TUNISIA,MONASTIR,0.9626274510352665,0.486543703759364,1.9045598624064441
SENEGAL,MATAM,1.0832782443507898,0.7518360623752744,1.560834619952013
GHANA,UPPER EAST,1.05924095104228,0.7613636977291859,1.4736602174642213
GABON,WOLEU-NTEM,0.9244772237983024,0.6323718227564815,1.3515120480801943
YEMEN,LAHAJ,1.0966666149491757,0.7781302476764534,1.5455994262340478
ZIMBABWE,MASHONALAND EAST,1.2763700494265617,0.8740044717749321,1.8639727320441952
LIBYA,BENGHAZI,0.9015828392268131,0.6122003686393231,1.3277542086342211
UGANDA,BUKEDI,1.0813027883382995,0.7283416438932978,1.6053121908809485
SOUTH AFRICA,KWAZULU-NATAL,1.267721091877033,0.7972451817722409,2.0158375409900215
EGYPT,ASSIUT,0.9944525679539822,0.6634299430045508,1.4906410546252473
SOMALIA,GALGADUD,0.6504737508902173,0.5370547903096627,0.7878453152856559
KENYA,NYERI,1.0103717589085874,0.6865567277624995,1.4869144091370345
EGYPT,DAKAHLIA,1.0035098821081783,0.6722195268327054,1.4980702631975014
ERITREA,GASHBARKA,1.0511666122081988,0.7148523664823774,1.5457055168726275
SENEGAL,LOUGA,1.1833356605910315,0.7885098040777802,1.7758603360222593
UZBEKISTAN,FERGANA,1.0740413990282802,0.6781832859912809,1.7009633688339814
YEMEN,ALDHALE,1.1448543952252652,0.7673540226338998,1.7080663521743644
KENYA,KAKAMEGA,1.0791309259914876,0.7251832370152234,1.605833527294841
NIGERIA,ANAMBRA,0.8651781349375268,0.6512613631585372,1.1493591475221026
ZAMBIA,COPPERBELT,1.1562868068505336,0.8296288207140287,1.6115630825673384
IRAQ,MUTHANNA,1.155066741674271,0.7923570572534194,1.683810556754225
KYRGYZSTAN,CHUY,1.1104566024208924,0.6322860934560928,1.950246697851477
IRAN (ISLAMIC REPUBLIC OF),LORESTAN,1.0493448477847334,0.7177022076704754,1.5342360630969882
CÔTE D’IVOIRE,CAVALLY,1.126278896854762,0.7860382343154662,1.6137944671420168
AFGHANISTAN,PANJSHER,1.0059115015455167,0.7254714842028083,1.3947590925003046
KENYA,BOMET,1.0718954801141416,0.7137317734525475,1.6097923099755582
UGANDA,BUSOGA,1.0886545661206997,0.7691420203578236,1.5408971723896707
NIGERIA,NIGER,0.6478204200407129,0.5726465131950953,0.7328627468281594
MADAGASCAR,ANALANJIROFO,0.9992214065269155,0.5564058764190309,1.7944516073185721
BENIN,COLLINES,0.8778458158953428,0.653640596671607,1.1789556530132737
KENYA,KAJIADO,1.0228341747025644,0.7258347229058414,1.4413608441755312
CAMEROON,EXTREME NORD,0.7114385275515797,0.587468882986134,0.8615686603041854
KYRGYZSTAN,JALAL-ABAD,1.0912553313386675,0.6778129172365442,1.7568833049540193
GHANA,NORTHERN,0.8050593913036717,0.6325071116524097,1.0246851167144022
SYRIAN ARAB REPUBLIC,HOMS,0.778894360025978,0.5694552368030384,1.0653627974100348
IRAQ,SULAYMANIYAH,1.0118457785963393,0.6893436242088775,1.4852271693064962
EGYPT,ALEXANDRIA,1.0191681535654318,0.6231022164761101,1.666987691227058
UZBEKISTAN,SURKHANDARYA,1.021602982193566,0.7113027804220503,1.467269188245723
AFGHANISTAN,JAWZJAN,0.9234934413687862,0.6576014462203522,1.2968951652295961
ERITREA,CENTRAL,1.041793174993069,0.6726846674913679,1.6134350490098974
CHAD,HADJER LAMIS,0.643516807265214,0.5344419824776827,0.774852827453741
ALGERIA,TEBESSA,0.8684673844635648,0.5707852158634076,1.3214000238882846
DEMOCRATIC REPUBLIC OF THE CONGO,MONGALA,0.8177567558502106,0.6714264359176498,0.9959782277930452
ETHIOPIA,SNNP,0.8693912542509504,0.6740003315052958,1.1214254914088322
SUDAN,GEDARIF,1.0744246871056382,0.767911893208783,1.5032823667287423
NIGERIA,CROSS RIVER,0.9017617847213117,0.6437785897011874,1.2631273071091185
AFGHANISTAN,SAMANGAN,0.957719754461455,0.6797261161648976,1.349406924749081
GHANA,AHAFO,1.0215994625749647,0.7040085880307899,1.4824612649296427
GUINEA-BISSAU,TOMBALI,1.0295494155130152,0.6487356114608309,1.6339044446725142
TUNISIA,NABEUL,0.967405087105549,0.5192603078052231,1.8023187763250836
IRAN (ISLAMIC REPUBLIC OF),KHORASAN RAZAVI,0.9478721132495358,0.6627716019928065,1.3556126128136283
BENIN,ATLANTIQUE,0.8642364594851834,0.6235650088842324,1.1977975788602198
AFGHANISTAN,KAPISA,1.047928369645302,0.7245963586662503,1.5155387613716547
LIBERIA,BONG,1.0785505744773147,0.7591175491657829,1.532399485407365
OMAN,SOUTH BATINAH,1.343784784475744,0.7657745158923231,2.358079969381528
UNITED REPUBLIC OF TANZANIA,MWANZA,1.0818689938110673,0.73544488346974,1.5914727888890523
AFGHANISTAN,PAKTYA,0.9788869174022857,0.7498046437098441,1.2779590058556083
SUDAN,NORTH KORDOFAN,1.0545552613619544,0.758210568497818,1.4667255317602188
IRAN (ISLAMIC REPUBLIC OF),W.AZARBAIJAN,1.0208175704095661,0.6631962600546063,1.5712822505529322
UZBEKISTAN,TASHKENT,1.0766623729254907,0.6686494109079434,1.733646730802464
SUDAN,RIVER NILE,1.0645952018053735,0.7587713289944574,1.4936818253385833
TUNISIA,ZAGHOUAN,0.9577240971922255,0.5584742555907035,1.642395217255802
NIGERIA,KOGI,0.6975769653584547,0.5934885932011451,0.8199207670934752
DEMOCRATIC REPUBLIC OF THE CONGO,KONGO CENTRAL,1.0246486550518663,0.7543088338723839,1.3918766679553778
NIGER,NIAMEY,0.7013782462788455,0.5859197922837459,0.8395883717049092
CONGO,BOUENZA,1.0053496124230323,0.6714155128152213,1.505368618847062
CONGO,BRAZZAVILLE,0.9924463109818918,0.6917721959980171,1.4238064002566402
IRAN (ISLAMIC REPUBLIC OF),SOUTHERN KHORASAN,0.9459488493881945,0.6773257276334348,1.3211062110180476
NIGERIA,KATSINA,0.6525182929457047,0.6046739653560258,0.7041482634002295
CHAD,LOGONE ORIENTAL,0.7017484643784468,0.6140312649150328,0.8019964705309461
UNITED REPUBLIC OF TANZANIA,DODOMA,1.1040315902573632,0.7357840050239517,1.6565809313108493
GAMBIA,UPPER RIVER REGION,1.1052012948664067,0.7011793909393641,1.7420219674996311
RWANDA,OUE,1.05181356335285,0.7198772276886037,1.5368061795831327
KENYA,MACHAKOS,0.9977856190710255,0.6918424929176232,1.439021383937302
NIGERIA,KADUNA,0.6532181683698339,0.5804547157992305,0.735102952692742
UNITED REPUBLIC OF TANZANIA,PWANI,1.1388820899329546,0.7079149372324813,1.8322150678734754
IRAN (ISLAMIC REPUBLIC OF),ZANJAN,1.0414169615497597,0.6812328070750007,1.5920391333768076
CONGO,LEKOUMOU,0.9955571519684658,0.6763704853163067,1.4653715150980573
NIGERIA,OSUN,0.8117130858077519,0.6314565554759969,1.043425914194329
NIGERIA,SOKOTO,0.7004561217309621,0.6510338900224963,0.7536301657866488
ZAMBIA,LUSAKA,1.2371738206341054,0.855498420353468,1.789131371896618
BURUNDI,RUYIGI,1.057151856034097,0.7225247141270439,1.5467568442507726
IRAN (ISLAMIC REPUBLIC OF),E.AZARBAIJAN,1.0416157316752028,0.6223995533748425,1.7431942657899813
GABON,HAUT-OGOOUE,0.9856766790794059,0.674592631240553,1.440215132344901
TUNISIA,SFAX,0.9246520202685479,0.5400388568278255,1.583184890822205
ETHIOPIA,AMHARA,0.901440536862246,0.6784370375636469,1.1977456956309838
UZBEKISTAN,KHOREZM,1.0013805325724714,0.6488619233668892,1.545418115786292
AFGHANISTAN,ZABUL,0.8256703302206481,0.676410990486994,1.0078657854388922
NIGERIA,EBONYI,0.9050757207710944,0.6309915035119776,1.2982140896826935
IRAQ,THI-QAR,1.1410619824809816,0.7572770767016059,1.7193474989821604
EGYPT,NEW VALLEY,0.9549892621060138,0.6930407483777907,1.3159464185511875
AFGHANISTAN,HIRAT,0.8384010545911815,0.668883436279531,1.0508801537221073
KENYA,MIGORI,1.085434355482554,0.7308508781707432,1.612049427936216
SUDAN,WHITE NILE,1.0721228122790272,0.7640951835801819,1.5043247874215562
MALI,TAOUDENIT,0.8666648077922429,0.6027431513953786,1.2461491886331937
BENIN,MONO,0.975278461292499,0.62773254474599,1.5152441673164345
MAURITANIA,NOUAKCHOTT SUD,0.963434714933921,0.5845013215672465,1.5880313964919208
KENYA,NAKURU,1.0395287061170753,0.7301683538498364,1.4799599642244678
MADAGASCAR,ANDROY,1.0009342970522592,0.4414249598684474,2.2696257758375964
DEMOCRATIC REPUBLIC OF THE CONGO,KASAI,1.0512020561580864,0.8014773803834744,1.3787360565837523
UNITED REPUBLIC OF TANZANIA,TANGA,1.0936803857718813,0.7474239543062767,1.6003458001721773
YEMEN,SANAA,1.219947345675839,0.8586939849683581,1.7331803323117094
SUDAN,GEZIRA,1.1179711868269098,0.7643208551914262,1.6352550974971638
KENYA,NAIROBI,0.8347028077907649,0.5845586733855006,1.1918885289968388
GAMBIA,NORTH BANK EAST REGION,1.1698743914306688,0.7860921086793593,1.741025099494444
UNITED REPUBLIC OF TANZANIA,IRINGA,1.1035957818779751,0.7373696029027509,1.6517139369243679
BENIN,BORGOU,0.8779941768251647,0.6623010188949078,1.1639326417240803
BURKINA FASO,GAOUA,0.97956332284585,0.7293750786837472,1.3155704540884892
UGANDA,TORO,1.0850680486791373,0.7644716447599853,1.5401129372613949
DEMOCRATIC REPUBLIC OF THE CONGO,LUALABA,1.1369454218835942,0.8800424437562786,1.4688438057881372
SENEGAL,SEDHIOU,1.1559847186657348,0.760947055476648,1.7561020312400832
EQUATORIAL GUINEA,LITORAL,0.9105750386159059,0.5661351069500671,1.4645742522791294
ANGOLA,MOXICO,1.2171638401561833,0.9030796579932779,1.640484093148267
IRAN (ISLAMIC REPUBLIC OF),BOUSHEHR,1.0246560629862824,0.6595581857763964,1.5918535620608527
TOGO,CENTRALE,0.9232131013182804,0.6627499011469616,1.2860393173513565
NIGER,ZINDER,0.5816438433900291,0.4959024393092842,0.682209914161216
NAMIBIA,HARDAP,1.301609697182527,0.8486404468547903,1.9963552409958152
TAJIKISTAN,SUGD,1.0621821648947125,0.7247886826464597,1.55663433830237
NIGERIA,IMO,0.8960234257466874,0.626602851857981,1.2812868264263761
GUINEA,BOKE,0.9269390435608841,0.66641184991284,1.289316794996883
BURKINA FASO,OUAGADOUGOU,1.1298685399245463,0.7948344331308183,1.606124325141206
SOMALIA,MIDDLE SHABELLE,0.7351348692221492,0.588144312010192,0.9188616890626359
ANGOLA,BENGO,1.0826088928655568,0.7339340528511458,1.5969309645171876
"OCCUPIED PALESTINIAN TERRITORY, INCLUDING EAST JERUSALEM",GAZA STRIP,0.727925867146629,0.47098006821361343,1.1250498775265496
KENYA,BARINGO,1.0397812066095435,0.7338736208110898,1.4732031877961473
YEMEN,SANAA CITY,1.1452856733126464,0.6528093202487772,2.009283925351037
AFGHANISTAN,TAKHAR,0.9986796600016239,0.7151722119923805,1.3945746864554982
IRAQ,ANBAR,0.974969140906456,0.7123004961142662,1.3344997383904482
AFGHANISTAN,URUZGAN,0.9011046450844392,0.7120531307340878,1.1403497103588844
ETHIOPIA,AFAR,0.9600563899778829,0.7087926388606463,1.3003919925282703
EQUATORIAL GUINEA,WELE-NZAS,0.9205857072198815,0.5617179507338339,1.5087252298602454
UNITED REPUBLIC OF TANZANIA,MTWARA,1.200030453887741,0.7607704228587477,1.8929141393886677
EGYPT,GIZA,0.9316938367607281,0.6997125801164898,1.2405856777841728
MALI,KAYES,0.9476346681196458,0.7215751945426666,1.2445154309820599
IRAQ,DIYALA,1.048090539863909,0.7172973334680446,1.5314343557380001
NIGERIA,OYO,0.7439062316807596,0.618203966832708,0.8951681180059817
AFGHANISTAN,HILMAND,0.7379513339537099,0.6668099034391025,0.8166827884160136
CAMEROON,SUD OUEST,0.8148721492848446,0.5848414261083822,1.135378907917934
NIGERIA,FCT,0.8112947569034084,0.6460748751420108,1.0187661026661716
PAKISTAN,BALOCHISTAN,0.7301059631804129,0.6760677296046604,0.7884634839519824
MADAGASCAR,ANALAMANGA,1.0028324732210818,0.5948609656825646,1.6906017159703355
ETHIOPIA,OROMIYA,0.7384146842827243,0.6286187448392506,0.8673878251972686
SUDAN,WEST DARFUR,0.8122800141461525,0.5945190002806825,1.1098027499033212
SOUTH SUDAN,UPPER NILE,0.98720753033167,0.7404149187610544,1.3162602255156204
AFGHANISTAN,BALKH,0.9834659540723478,0.7302366170057351,1.3245094265272086
MAURITANIA,INCHIRI,0.9468514326638509,0.5966927550589656,1.5024945886078196
YEMEN,HADRAMOAT SAYEUN,1.2655259501486948,0.8854339872577426,1.8087807262288396
SYRIAN ARAB REPUBLIC,TARTOUS,0.8521905397757444,0.5572008911812113,1.3033516772447025
LEBANON,NORTH,0.9286017178030017,0.5620481624912135,1.5342122043147255
TUNISIA,MANOUBA,0.9658849203707485,0.5395030256073308,1.7292464270230643
NIGER,TILLABERI,0.7442271733822388,0.6092034862539888,0.9091774720566781
ALGERIA,ORAN,0.8648378859015622,0.5264643907597032,1.4206935588015328
GABON,OGOOUE-MARITIME,0.9805807299587319,0.6235266948912537,1.542096875473951
MOROCCO,GUELMIM-OUED NOUN,0.8670030466648676,0.5463714529311429,1.3757934805955119
ZAMBIA,SOUTHERN,1.2368354833017212,0.865438909181826,1.7676140932933304
DEMOCRATIC REPUBLIC OF THE CONGO,MANIEMA,1.2453036397752535,1.017944132733577,1.5234442690612535
BURUNDI,CANKUZO,1.0626070805120567,0.7202232949945403,1.5677551884279413
MOZAMBIQUE,MAPUTO PROVINCIA,1.2489078870355768,0.7632693627362765,2.043539262086956
BURKINA FASO,BOBO,1.1248020261375744,0.813625429588589,1.5549902350556266
CAMEROON,OUEST,0.7821357525241637,0.5541163245390887,1.10398540574559
LIBERIA,MARGIBI,1.0837451701470833,0.6888122443490353,1.7051142796207108
SOUTH SUDAN,LAKES,1.134851421088226,0.8091226137504819,1.5917090018981055
GAMBIA,CENTRAL RIVER REGION,1.1348196727742657,0.7687102013433941,1.6752941322554473
KENYA,MURANGA,1.009513627960259,0.6778189419290148,1.5035250595640848
MOROCCO,LAAYOUNE-S. HAMRA,0.8926688449437852,0.5484090676751584,1.4530351770282506
EGYPT,MENIA,0.9947215714779147,0.6832922582198595,1.4480933932155209
MAURITANIA,ASSABA,1.0065987837983703,0.6992125172617049,1.4491175236857452
UNITED REPUBLIC OF TANZANIA,TABORA,1.061786359655004,0.755549043283969,1.492147046668553
SOUTH SUDAN,JONGLEI,1.032351769599056,0.7758210253332851,1.3737062304240435
ERITREA,ANSEBA,1.047177662891632,0.7034035754684775,1.5589642929080119
GHANA,SAVANNAH,0.9486595901890904,0.7185425496499582,1.252472826412507
IRAQ,BAGHDAD-KARKH,1.04306582498065,0.7102026592048055,1.5319378224530362
TOGO,MARITIME,1.0334411152027394,0.7081053630392585,1.5082508823369436
CÔTE D’IVOIRE,HAMBOL,1.0818234029723033,0.7772474287912036,1.5057520062031269
SUDAN,SENNAR,1.0426652210681866,0.7435888976685198,1.4620319999853022
IRAQ,SALAH AL-DIN,0.9918736563783502,0.6841319461544647,1.4380462069450444
IRAN (ISLAMIC REPUBLIC OF),NORTHERN KHORASAN,0.9827354488893917,0.6596890032832684,1.4639761428449
IRAN (ISLAMIC REPUBLIC OF),SEMNAN,0.9987014676946011,0.6942896741647877,1.436582825137366
UNITED REPUBLIC OF TANZANIA,SHINYANGA,1.0794015317061434,0.729345511734901,1.5974701261657414
YEMEN,SOUQATRA,1.0058279971325483,0.5684980330556005,1.779583922881803
DEMOCRATIC REPUBLIC OF THE CONGO,SANKURU,1.0317252778795438,0.8290077102789706,1.2840134486293486
KENYA,ELGEYO MARAKWET,1.0596577626769756,0.687417628320945,1.6334678188923624
UNITED REPUBLIC OF TANZANIA,NJOMBE,1.1226021813324558,0.751946793349262,1.6759638696232049
DJIBOUTI,TADJOURAH,0.9390566993632142,0.637359737657586,1.383563210095154
KENYA,SAMBURU,0.9841759423850952,0.6787117569832032,1.4271187666984253
ALGERIA,ADRAR,0.8098140327591647,0.5783261180826915,1.1339601431590456
EGYPT,N. SINAI,0.7356763749783615,0.6005534793746109,0.9012015537149246
CÔTE D’IVOIRE,PORO,1.0348293694970747,0.7316096276195992,1.463720245806434
NIGERIA,OGUN,0.9141383666484979,0.6908763979346152,1.2095491405944228
NIGERIA,EKITI,0.8387765579093669,0.6255963440886759,1.12460074414783
SIERRA LEONE,NORTH WESTERN,0.9326243612874681,0.6508041668552368,1.3364822224015245
SOUTH AFRICA,NORTH WEST,1.2829407079861406,0.8443666120301047,1.9493154238425716
ANGOLA,CUANDO CUBANGO,1.1601509945870034,0.8348454772653383,1.6122149150883323
CÔTE D’IVOIRE,SAN-PEDRO,1.0716676645820211,0.7444861921018927,1.542636512932804
LIBERIA,GRAND GEDEH,1.0924737650196137,0.7343321011842173,1.6252849702899295
BOTSWANA,KGALAGADI SOUTH,1.2997639050215728,0.8454586791936041,1.998188971704997
NIGERIA,NASARAWA,0.7345687527571938,0.6146826821699042,0.8778370827407037
MALAWI,SOUTHERN,1.2322598068025985,0.7977540794955125,1.903423962960404
SOUTH AFRICA,EASTERN CAPE,1.303497611042494,0.8039386704715051,2.113477164865047
CENTRAL AFRICAN REPUBLIC,RS7,0.9416450303761987,0.6725186385769755,1.3184695744766384
UZBEKISTAN,KARAKALPAKSTAN,1.0041157462584773,0.6742704593946017,1.495317521087134
MOZAMBIQUE,NIASSA,1.2175401325348394,0.8266232462197484,1.7933248080212778
SOMALIA,AWDAL,0.8941308898879439,0.6513563114571842,1.2273928020491105
UGANDA,LANGO,1.0796246362584008,0.7500961273160062,1.5539199747461672
ERITREA,NORTH RED SEA,1.0159814829245255,0.7050864671634878,1.4639599846499112
KENYA,KILIFI,1.0494829450403498,0.6726237874207751,1.6374895930368751
TOGO,PLATEAUX,0.9196764875457362,0.6758711356980858,1.2514291513142655
ANGOLA,UIGE,1.1099695978551918,0.800151652111576,1.5397487525165032
LEBANON,AKKAR,0.8830615446626782,0.5659052576254987,1.3779650942527302
MALAWI,MALAWI ISLAND,1.2372088751130979,0.6266906021773128,2.4424904336215576
ANGOLA,LUANDA,1.0797949026008031,0.8395769999330619,1.3887434169535833
SIERRA LEONE,NORTHERN,1.0076315411434211,0.7184126473334392,1.4132843101742076
NIGERIA,KWARA,0.7302757287407019,0.6624964444554683,0.8049894372280058
CAMEROON,ADAMAOUA,0.7380501819678141,0.5681724596311643,0.9587195962583845
CONGO,POOL,0.9697694368538556,0.6913529190835304,1.36030778882445
SENEGAL,TAMBACOUNDA,1.0257873168838199,0.7423009538643182,1.4175377439593624
IRAQ,WASSIT,1.0936997422872867,0.7523567748612359,1.589909423624051
NIGERIA,KEBBI,0.6467006473960369,0.5959906619527945,0.7017253021584721
MOROCCO,G. CASA. SETTAT,0.8778946065652472,0.48535957017953635,1.587892745065821
SUDAN,RED SEA,0.9747241391643495,0.7143572970797942,1.3299887204253733
OMAN,MUSCAT,1.3534742572716094,0.7532094040733663,2.4321158965754246
MALI,SÉGOU,0.9631026536029026,0.7075170963561938,1.3110166894256607
UNITED REPUBLIC OF TANZANIA,SINGIDA,1.0850233337869994,0.761494680927729,1.546006379753016
BURKINA FASO,TENKODOGO,1.011640751912769,0.735316799951032,1.3918042005823699
ETHIOPIA,HARARI,0.8250241336575358,0.4750672339357453,1.432775768344046
KENYA,TURKANA,0.9933385582904161,0.707737965866396,1.3941904193009669
ZAMBIA,NORTH WESTERN,1.156234478650526,0.8243667460264572,1.6217031752726088
MOROCCO,ORIENTAL,0.8669796962073584,0.5491944283954507,1.3686478863812712
NIGERIA,EDO,0.8822686489690807,0.6254252210076423,1.2445899890311833
DEMOCRATIC REPUBLIC OF THE CONGO,SUD-KIVU,1.0082407467212986,0.7830451777939562,1.2982001960768204
KENYA,NYANDARUA,1.0167864198794696,0.6798236186969792,1.5207689100783284
DEMOCRATIC REPUBLIC OF THE CONGO,TANGANYIKA,0.7490078216987571,0.6720548230462035,0.8347722503099234
EGYPT,ASWAN,1.0053198918044113,0.6988746327588803,1.4461364563597279
SOMALIA,TOGDHER,0.9330531331997278,0.6438301514287823,1.3522015821126563
NAMIBIA,KUNENE,1.2473160378050747,0.8348870407469874,1.863482390113225
AFGHANISTAN,GHOR,0.9250439771150387,0.7047951510398652,1.214120668018623
OMAN,DHOFAR,1.2942434056466947,0.8239216767734746,2.033040324439107
ALGERIA,TAMANGHASSET,0.5606658354347446,0.4850010264730051,0.6481350798568605
GHANA,NORTH EAST,0.9689605972441477,0.7083010953878959,1.3255445249559623
LIBYA,SABHA,0.8044808026383565,0.602759019532536,1.07371161748119
AFGHANISTAN,BAMYAN,0.9375191880913653,0.6938596121119793,1.2667436073475378
EGYPT,FAYOUM,1.0009469689275776,0.6094386767286029,1.6439633270132508
GHANA,GREATER ACCRA,0.7832561446212741,0.5977316429261131,1.0263639132165143
KENYA,KISUMU,1.0833273176296134,0.7239850757726181,1.621025234353266
BURKINA FASO,DORI,0.9688151353143953,0.7163919544457374,1.3101804962905177
UGANDA,SOUTH BUGANDA,1.0967993381261825,0.7599802374563077,1.5828948291345433
NIGER,DIFFA,0.6414857227664633,0.5417369769694611,0.7596009687490995
GHANA,VOLTA,1.028909219971342,0.7436390560779423,1.4236129400270177
YEMEN,HAJJAH,1.2254538091908986,0.83379117126615,1.8010949146655355
SYRIAN ARAB REPUBLIC,LATTAKIA,0.8540232736349508,0.531979924706509,1.3710211946673367
GHANA,OTI,0.9763181187942293,0.7159275867772484,1.331415476496337
ANGOLA,CUANZA NORTE,1.0540285522413873,0.7408855367072353,1.499524736138941
NIGERIA,KANO,0.6036940651238264,0.5537140661199673,0.6581854183685671
UGANDA,NORTH BUGANDA,1.0953555729491045,0.7855588337960823,1.5273252359633063
GUINEA-BISSAU,OIO,1.1397639733828793,0.720452733563007,1.803118864713031
ZIMBABWE,MIDLANDS,1.278069614516925,0.848728232637169,1.9245995086977925
KENYA,KERICHO,1.0697844454037733,0.7382091357092095,1.5502907025505415
IRAN (ISLAMIC REPUBLIC OF),K & B,1.0348450913202072,0.6815982547224846,1.5711665275104771
DEMOCRATIC REPUBLIC OF THE CONGO,HAUT UELE,1.0284479760305005,0.7513049604086788,1.4078241128953617
SYRIAN ARAB REPUBLIC,DEIR_AL_ZOUR,0.557259411215448,0.48913718660834216,0.634869030386846
SOMALIA,SOOL,0.8906847105327618,0.6032517685061024,1.3150715754077495
MADAGASCAR,ALAOTRA MANGORO,0.9996917408139951,0.6190555988092392,1.614368044766968
EGYPT,BENI SUEF,1.0040313867423996,0.6848873169146701,1.4718903397206025
GAMBIA,LOWER RIVER REGION,1.1596597573978424,0.7682920792544228,1.7503899743871805
JORDAN,KARAK,1.076348131961687,0.674363251620625,1.7179543790282998
NIGERIA,PLATEAU,0.7044775601209902,0.5998403570010552,0.8273678603341286
KENYA,NYAMIRA,1.0798383653009347,0.724720476830285,1.6089663980183944
CÔTE D’IVOIRE,BAFING,1.099946683863384,0.7515443036372152,1.6098621218824274
SOMALIA,MUDUG PL,0.8213220508601438,0.564659710294166,1.1946485625434256
AFGHANISTAN,PAKTIKA,0.949533572796055,0.7503118736194707,1.201652322943388
AFGHANISTAN,WARDAK,0.831637327121274,0.6393778560777202,1.0817087850120137
ZAMBIA,CENTRAL,1.1560641723361162,0.8424954402194893,1.5863401826970167
NIGERIA,YOBE,0.5608120183542669,0.5091043860178878,0.6177713816033312
TAJIKISTAN,KHATLON,1.0861216101213826,0.842196231518376,1.4006951204778995
MALI,MENAKA,0.7382951133962757,0.5383297127536473,1.0125387128951997
SYRIAN ARAB REPUBLIC,EDLEB,0.8540833545853495,0.5392374800782893,1.35275904129264
AFGHANISTAN,KANDAHAR,0.8522501122423372,0.7644585477088943,0.9501237915305017
OMAN,DHAHIRAH,1.3301154955381949,0.8144666384914063,2.1722279929695243
SYRIAN ARAB REPUBLIC,QUNEITERA,1.0022694420731275,0.6509019143233767,1.5433109235172846
GAMBIA,WESTERN REGION 2,1.1730584340136705,0.7455785921559294,1.8456351940464728
CÔTE D’IVOIRE,GRANDS PONTS,0.9912923758200463,0.6778869773231028,1.4495935269908335
NIGERIA,BAUCHI,0.6326744314730428,0.5705157688009131,0.7016053860895433
MADAGASCAR,VATOVAVY FITOVINANY,0.9993892756380189,0.562364824929254,1.7760337773365094
CENTRAL AFRICAN REPUBLIC,RS6,0.884198020313191,0.6657314734069699,1.1743565842317323
UNITED REPUBLIC OF TANZANIA,MANYARA,1.094676222269113,0.7457939550694621,1.6067655462422854
ZAMBIA,EASTERN,1.182802727371156,0.8238099249383263,1.698234325085828
SOUTH SUDAN,CENTRAL EQUATORIA,0.9967117670165243,0.7548563282732673,1.3160575188945989
JORDAN,MAFRAK,1.0453535804970107,0.7265933795535561,1.5039554983687766
RWANDA,NOR,1.0661709227667648,0.7303954980664367,1.5563081091854443
SENEGAL,DIOURBEL,1.260683182766565,0.8212972755782588,1.9351361980245556
CÔTE D’IVOIRE,IFOU,1.0642235828994375,0.7545110858816918,1.501067188530222
YEMEN,DHAMAR,1.2107444571066064,0.828266031948046,1.769844571516032
BURUNDI,CIBITOKE,1.0520893970031326,0.7152567863945914,1.5475450500315382
SOMALIA,HIRAN,0.6314319337824031,0.5430723687837835,0.7341678750717743
TURKMENISTAN,BALKAN,0.990756632087042,0.6612483742879001,1.4844629373668343
TUNISIA,KEF,0.9121033023552484,0.5693979703841333,1.4610737611272175
CHAD,MOYEN CHARI,0.7122439654146459,0.5715474576734957,0.8875754050845185
CHAD,GUERA,0.6297801204143141,0.5174797635676837,0.766451227647265
TURKMENISTAN,MARY,0.9172592975659303,0.6479154607502234,1.2985716037659065
MADAGASCAR,BOENI,1.002043397504892,0.5272051219893947,1.9045546573869379
ERITREA,SOUTH RED SEA,0.9762267486767877,0.6366943409269912,1.4968228921973932
IRAN (ISLAMIC REPUBLIC OF),ALBORZ,1.0377176427461494,0.6576205211070925,1.6375065429128566
ANGOLA,HUILA,1.128798402062197,0.8120279829324221,1.569140299693602
DEMOCRATIC REPUBLIC OF THE CONGO,HAUT LOMAMI,0.7498466509255314,0.6949548648665015,0.8090741260042044
GABON,OGOOUE-LOLO,0.9857231193981659,0.6534171675424961,1.4870286799632608
SOUTH SUDAN,WESTERN BAHR EL GHAZAL,1.0802185497762387,0.7846305007771737,1.487161299649835
MADAGASCAR,DIANA,1.0014219766399595,0.43426426633754156,2.309298860242858
UZBEKISTAN,JIZZAKH,1.053779037945222,0.6616559136925478,1.6782896333769528
MAURITANIA,GORGOL,1.0446967967327168,0.7174659648894648,1.521175150478034
SOMALIA,SANAG,0.9264270415725426,0.6216456533182834,1.3806371182288633
PAKISTAN,GBALTISTAN,0.7783885675162092,0.5734672514282859,1.0565359408595727
UNITED REPUBLIC OF TANZANIA,DAR ES SALAAM,1.15811670398709,0.5562458254905395,2.4112258260475428
GUINEA,CONAKRY,0.5299460780073177,0.38087951081720917,0.7373535136945709
CÔTE D’IVOIRE,ABIDJAN 2,0.7431570669112585,0.6455959424451019,0.8554614268615977
MADAGASCAR,ANOSY,1.0015157480442551,0.5123029238167748,1.9578919950481883
GABON,NGOUNIE,0.9880813366827308,0.6572152456167396,1.4855174684582315
CÔTE D’IVOIRE,TCHOLOGO,1.0380012446543987,0.7308673039742429,1.4742027424749238
UNITED REPUBLIC OF TANZANIA,KIGOMA,1.0323177538373858,0.7511335964512301,1.4187621881416674
RWANDA,SUD,1.0595673827612742,0.7433355657296934,1.510331390520106
CÔTE D’IVOIRE,BAGOUE,1.0832258740490905,0.7710463928630106,1.5217998619414967
BURKINA FASO,OUAHIGOUYA,1.0285366135987533,0.7384891269579191,1.4325025608311681
UGANDA,BUNYORO,1.0767588386271016,0.7539126426913779,1.5378566837964556
LIBERIA,GBARPOLU,1.0541719612125684,0.7198885654688255,1.5436813100136346
MAURITANIA,HODH ECHARGUI,0.9629139949279732,0.693346950310559,1.3372862766798679
IRAN (ISLAMIC REPUBLIC OF),MARKAZI,1.0365980659654814,0.698087200860424,1.5392569138052712
ZAMBIA,MUCHINGA,1.1025709136468766,0.7895129260519435,1.539762782224705
IRAQ,ERBIL,0.9582344737375142,0.6371675320370144,1.4410861515863773
AFGHANISTAN,NURISTAN,0.9771321818177598,0.6978209289511006,1.3682411362741485
UGANDA,KARAMOJA,1.051982974802467,0.7389024429847032,1.4977189340503505
TUNISIA,SILIANA,0.929220849573189,0.5689338453578007,1.5176657081079428
MALAWI,CENTRAL,1.2051459275700567,0.8082843180437755,1.7968636460172345
CÔTE D’IVOIRE,SUD-COMOE,0.9876155115541106,0.701128525406015,1.3911634790460912
CHAD,ENNEDI EST,0.8091423643950798,0.567423433936841,1.1538320885276214
EGYPT,RED SEA,0.986973110484195,0.7142129125603189,1.3639013012615868
DEMOCRATIC REPUBLIC OF THE CONGO,MAINDOMBE,0.8943807723300148,0.7028974576575766,1.13802796865901
GHANA,WESTERN,1.0164920823133652,0.694059707455208,1.4887136399175627
UNITED REPUBLIC OF TANZANIA,KUSINI PEMBA,1.0000289133439082,0.5597457374209664,1.7866287506387704
SOMALIA,LOWER SHABELLE,0.6431201098124142,0.5617794845461493,0.7362381272774206
IRAN (ISLAMIC REPUBLIC OF),KERMANSHAH,1.0461291137872988,0.7054785628551813,1.5512677214233834
UZBEKISTAN,KASHKADARYA,1.0270432707012926,0.690660985040326,1.5272585287718592
EGYPT,SUEZ,0.9446431737907461,0.6709001208069222,1.3300798406716383
BURKINA FASO,KAYA,1.0549271153337632,0.7596005949052878,1.4650741799447582
MAURITANIA,GUIODIMAKHA,1.0309112808618326,0.7041942902348737,1.5092114260876954
ETHIOPIA,TIGRAY,1.0340652783919944,0.7303359646152716,1.464108371739843
SOUTH SUDAN,WARRAP,1.251928342770832,0.9237865259814322,1.6966306948110055
IRAN (ISLAMIC REPUBLIC OF),KERMAN,0.9655504616357293,0.6472858358034844,1.4403029425287988
LIBERIA,RIVERCESS,1.0879996493857413,0.7042490450065458,1.680858845967616
UNITED REPUBLIC OF TANZANIA,RUVUMA,1.163770995134577,0.7817200195151743,1.7325422085985556
LEBANON,MONT LIBAN,0.963202906615551,0.6045321859288413,1.5346740188649808
BURUNDI,MAKAMBA,1.0216806016219202,0.691998864641661,1.508429139216952
NIGERIA,ADAMAWA,0.6751489204531813,0.5741787595582134,0.7938748293995058
SAUDI ARABIA,ASR,1.1930822389156834,0.8068990543611417,1.7640933164100254
CHAD,ENNEDI OUEST,0.7208787660261452,0.5133969499472658,1.0122113023085857
AFGHANISTAN,LAGHMAN,1.0706584598011168,0.8162017926368894,1.404443788147459
GUINEA,NZEREKORE,1.023448931472907,0.7812257265389463,1.3407747335376796
BOTSWANA,KWENENG WEST,1.2932611521184463,0.8484694119287165,1.9712253430289228
BURKINA FASO,BANFORA,1.036519460178802,0.7370211104573959,1.4577229554016413
IRAQ,BASRAH,1.1460509168113084,0.7762071076910568,1.6921163062150273
KUWAIT,MOBARAK ALKABEER,1.2426998557308295,0.7285871341411007,2.1195857833173783
IRAN (ISLAMIC REPUBLIC OF),TEHRAN,1.0299678317912786,0.6808694036588798,1.5580575787722062
BURUNDI,BUBANZA,1.036950410729092,0.7206820857665772,1.4920117698880953
MOZAMBIQUE,MANICA,1.153184532604954,0.777261356547844,1.7109233014563885
MADAGASCAR,SUD-EST,1.0001296289629094,0.5256714433870464,1.9028221664173746
EGYPT,KALIOUBIA,0.9934097094866153,0.6747268364940209,1.462610937531646
UNITED REPUBLIC OF TANZANIA,KAGERA,1.0759600403184522,0.7802984180794763,1.4836503336908857
TURKMENISTAN,AHAL,0.9577903047278294,0.6718270093636203,1.365473931599726
ZAMBIA,NORTHERN,1.0334194910532248,0.7350575249548913,1.4528874383732702
KENYA,KWALE,1.0694692993998072,0.6991929991281033,1.6358352898055246
OMAN,NORTH BATINAH,1.3241037348115616,0.7593241767280077,2.308962040556688
LIBERIA,GRAND BASSA,1.0923692708893558,0.7155508912968489,1.6676250962676984
BURUNDI,BURURI,1.0396673394936835,0.7011664687635704,1.5415856646937756
TURKMENISTAN,DASHOGUZ,0.9897332115599317,0.6602733356292996,1.4835853232375602
SENEGAL,ZIGUINCHOR,1.1837148553249617,0.73702205333942306,1.9011383070130567
GHANA,BONO,1.0038119837941302,0.7469609304384067,1.3489842075372045
UNITED REPUBLIC OF TANZANIA,LINDI,1.1613245245207584,0.7398455232941717,1.8229138499728652
BENIN,ALIBORI,0.8256530027014051,0.6152306844098542,1.1080443452259778
OMAN,SOUTH SHARQIYAH,1.3517553410811596,0.7399222950592232,2.46950593912729
TUNISIA,ARIANA,0.971907294830789,0.5192956048894253,1.81900979105425
UGANDA,ANKOLE,1.084934211212355,0.7669433004951445,1.5347708779762996
MOZAMBIQUE,SOFALA,1.2342534706045167,0.791061565089438,1.9257434527577655
CHAD,LOGONE OCCIDENTAL,0.6570807981297835,0.561323692311964,0.7691732616746889
KENYA,MARSABIT,0.9046281103691743,0.6563637558009203,1.246796476553645
AFGHANISTAN,NIMROZ,0.922123791672466,0.6747160698291923,1.2602520159089532
NIGERIA,BENUE,0.842036985843125,0.6736655673294346,1.0524900186579502
LIBERIA,NIMBA,1.0506413911525347,0.7407633629696958,1.490148390138581
YEMEN,MARIB,1.264703388639433,0.8918559057195722,1.7934227390080129
MADAGASCAR,SAVA,0.9999629294756746,0.484189474571324,2.0651540622828617
LIBERIA,GRAND KRU,1.0958371225014731,0.6556840729838559,1.8314597662674648
CHAD,TIBESTI,0.6906189728383667,0.4926303255284171,0.9681794662817761
MAURITANIA,TIRIS ZEMMOUR,0.8793210760445921,0.6023770710609141,1.2835906144542353
IRAN (ISLAMIC REPUBLIC OF),HORMOZGAN,0.9767369016515215,0.6352943513777477,1.5016896860154105
SAUDI ARABIA,HFB,1.1904873983023774,0.8187514537420844,1.7310018065179742
JORDAN,IRBID,1.049399009365457,0.6918060997451168,1.5918308341931875
MADAGASCAR,IHOROMBE,0.9999280970523826,0.5212088784281069,1.918340689610331
NAMIBIA,ERONGO,1.2834697205363712,0.8152092643578943,2.0207014266836314
LESOTHO,LERIBE,1.2992704791588958,0.7796768287118456,2.16513267529422
KENYA,THARAKA NITHI,1.0018697054492178,0.6774980317404984,1.4815436498291785
MOZAMBIQUE,ZAMBEZIA,1.255535736282511,0.834676272672437,1.888600451089021
IRAQ,NAJAF,1.0928493857059332,0.7451820599649324,1.6027221319499307
NIGERIA,GOMBE,0.5911623149671517,0.5241803782926985,0.666703480537721
UZBEKISTAN,BUKHARA,1.0165409077256633,0.6779794932354472,1.5241691340077985
MOROCCO,RABAT-SALE-KENITRA,0.8802056071066101,0.5002135241242548,1.5488623825961667
SAUDI ARABIA,HAS,1.45587157947855,0.8295281578698382,2.555141782499867
TAJIKISTAN,GBAO,1.0311958830941503,0.6916697760263274,1.5373881961698572
CONGO,CUVETTE OUEST,0.9658185813592979,0.6586488920807497,1.4162409491831762
ANGOLA,CABINDA,1.0474140049070482,0.679374698658383,1.614832138791613
MAURITANIA,ADRAR,0.9399736492564377,0.6737979709300983,1.3112987860097407
GAMBIA,WESTERN REGION 1,1.182070808974424,0.7684222108315626,1.8183901737006622
OMAN,NORTH SHARQIYAH,1.35056355779117,0.7579930161058975,2.406383548234064
MALI,KOULIKORO,0.973999920338716,0.7408203352015441,1.280574789515915
KENYA,KISII,1.0821827168172915,0.7161286896625282,1.6353477377507928
CHAD,N'DJAMENA,0.5356929088694874,0.48374782821889745,0.5932158779288604
DEMOCRATIC REPUBLIC OF THE CONGO,BAS UELE,1.0177362385306121,0.7598454847152686,1.3631548414169665
NAMIBIA,OHANGWENA,1.2315780783298758,0.8120074466285587,1.867944154108902
IRAN (ISLAMIC REPUBLIC OF),MAZANDARAN,1.0280690852391858,0.6804148842519396,1.5533552667451458
MOROCCO,MARRAKECH-SAFI,0.8646603512679124,0.5071625536472422,1.4741575805984537
NIGER,MARADI,0.7202891690323399,0.6155288633939733,0.8428792179859602
TUNISIA,JENDOUBA,0.921165421238794,0.5571842354732017,1.5229176980669552
CHAD,KANEM,0.6273570711608973,0.5139363623282138,0.7658086167567767
ALGERIA,BOUIRA,0.7990106071521285,0.5152915714574536,1.2389450666462645
BURUNDI,KIRUNDO,1.0749213365659098,0.7270091154050136,1.5893279125681181
AFGHANISTAN,KUNDUZ,0.9556386666217092,0.70470921144498,1.295917871244996
BURUNDI,BUJUMBURA RURAL,0.9912323410748974,0.685594798830814,1.4331228236684541
SUDAN,NORTHERN,0.9877990783645519,0.7140400822146457,1.366515751036709
YEMEN,SHABWAH,1.230856836003785,0.844358141060448,1.7942724503544383
SYRIAN ARAB REPUBLIC,DAMASCUS,0.9858786525614095,0.5260105028423739,1.847789563752421
LIBERIA,MONTSERRADO,1.0127800687688187,0.7434019204529705,1.379769730848122
KENYA,VIHIGA,1.0848697440357415,0.6951375396401973,1.6931071829804498
SENEGAL,SAINT LOUIS,1.0755477004662157,0.7294895600471146,1.5857702691501867
JORDAN,BALKA,1.0682534025551718,0.6914021613843375,1.6505087716038411
ZIMBABWE,MATABELELAND NORTH,1.2685568526788078,0.872226605826622,1.844975236628176
MOZAMBIQUE,CABO DELGADO,1.2416388475356552,0.7558560634018728,2.0396304301259565
CONGO,NIARI,1.012457930162772,0.7074406759220091,1.4489851873636035
MALI,MOPTI,0.8650872832546807,0.6593247869048214,1.1350642695570288
CHAD,MANDOUL,0.6373268653542741,0.5115144811140336,0.794084133097599
ANGOLA,NAMIBE,1.2046385679255198,0.7985510903747071,1.817233858703667
EGYPT,SHARKIA,0.9840991881758148,0.6744307115662355,1.4359536058481919
UNITED REPUBLIC OF TANZANIA,ARUSHA,1.0745003250554368,0.7545264387151679,1.530166325927887
JORDAN,AMMAN,1.070637975412836,0.7085079209115559,1.6178586584061456
GHANA,UPPER WEST,1.0450810563479742,0.7473253304659736,1.4614711556162463
UGANDA,ACHOLI,1.0635306819415977,0.7449450254582507,1.5183637352774733
MOROCCO,TANGER-TETOUAN-HOC,0.8788634418538175,0.4985423565473337,1.5493186071017506
NAMIBIA,KAVANGO,1.2432567482514307,0.8384846807054063,1.8434294360301904
ALGERIA,MILA,0.8714905409783245,0.5513696835632824,1.3774710247149906
ALGERIA,AIN DAFLA,0.8308523401394443,0.5237131749934735,1.3181177103741835
GUINEA-BISSAU,FARIM,1.1329082626145064,0.7181471587864537,1.7872118768374492
ALGERIA,BECHAR,0.8485830272210965,0.5635417835960287,1.2777990471136285
ANGOLA,CUNENE,1.224841272154379,0.8348242848714414,1.7970681605216916
KENYA,MOMBASA,1.080692415225204,0.6223944769681891,1.8764563946877373
BENIN,PLATEAU,0.8674593346882513,0.621249521252389,1.2112455166497904
CÔTE D’IVOIRE,GONTOUGO,1.0600676679845162,0.7666896660535805,1.4657083699724722
ALGERIA,M'SILA,0.8332589369490142,0.5537366252213604,1.253882124426649
BURUNDI,KARUSI,1.057250520318369,0.7254187463373691,1.540873693100866
SOMALIA,GEDO,0.648974559536461,0.5652099385617266,0.7451531726375474
KENYA,WAJIR,0.8562942431419899,0.6284279746308922,1.1667841987282344
CENTRAL AFRICAN REPUBLIC,RS1,0.9037172494356583,0.6881773308293341,1.186765140815272
GABON,LIBREVILLE,0.9618220815941502,0.47612442151887396,1.9429831254842147
EGYPT,MATROUH,0.9655917746619446,0.6577291227918861,1.4175554084288557
TUNISIA,KAIROUAN,0.9412030631000281,0.5555969676586425,1.5944349187541798
KENYA,TRANS NZOIA,1.0664053927649981,0.7125516140050765,1.5959832794795519
SOMALIA,BAY,0.624339581253753,0.5451080756050611,0.7150873930595134
SOMALIA,BAKOL,0.7757895823318386,0.5798107642251162,1.0380101805438995
CENTRAL AFRICAN REPUBLIC,RS4,0.9503853194876739,0.721543606988349,1.2518054996948687
KYRGYZSTAN,YSYK-KOL,1.114836813490527,0.5791558600869611,2.14598730042565
CHAD,DAR SILA,0.6465964118731256,0.520842165918965,0.8027132732418755
ETHIOPIA,SOMALI,0.8289706631740262,0.669319463901884,1.026703087935182
BENIN,COUFFO,0.9650703806182988,0.6625457031732478,1.4057307067059945
UNITED REPUBLIC OF TANZANIA,MJINI MAGHARIBI,1.0002395244825208,0.5598372079642325,1.7870893397298808
MALI,BAMAKO,0.8824455498186926,0.5999554284055318,1.2979466665788002
JORDAN,MA'AN,1.0741798585727873,0.681760994220815,1.6924734303437308
MADAGASCAR,MELAKY,0.9994607108318246,0.5652440922062778,1.767239545304112
ALGERIA,EL BAYADH,0.8317579351320346,0.5675064024531218,1.2190545510405129
CÔTE D’IVOIRE,LOH-DJIBOUA,1.0572589616432768,0.7505999608124817,1.48920406385989
BURUNDI,MUYINGA,1.0701440304685377,0.7402526080063835,1.547050606186545
UGANDA,KIGEZI,1.0751467473975271,0.7181197945289073,1.6096764596188144
JORDAN,MADABA,1.0756910259114578,0.6623206775633754,1.7470558030641095
ANGOLA,BIE,1.1146209521688117,0.8188651024903254,1.5171972321636282
KYRGYZSTAN,OSH,1.0705923205061199,0.6997332575375812,1.6380069181792751
BOTSWANA,JWANENG,1.2956439410057974,0.8118282978195047,2.0677934316577153
CHAD,WADI FIRA,0.6676602291352225,0.5499220372256751,0.8106061430412629
BURUNDI,NGOZI,1.063436795249034,0.7243081688556806,1.5613489756386703
IRAN (ISLAMIC REPUBLIC OF),GILAN,1.043226214790631,0.6530701936800123,1.666468544665568
TUNISIA,TOZEUR,0.8472922000406857,0.5335612786773613,1.3454950742103882
KENYA,NANDI,1.0738700338121336,0.7266522925856089,1.5869995337334106
SOMALIA,MUDUG GM,0.7837469198258793,0.4971545074036494,1.2355499652300739
IRAQ,DAHUK,0.9027429567340088,0.5772447663666066,1.411783862610704
MADAGASCAR,HAUTE-MATSIATRA,0.9996594758721096,0.5638960260676875,1.7721690196499962
KENYA,ISIOLO,0.9637036372150294,0.6953118200075085,1.3356952573759622
IRAN (ISLAMIC REPUBLIC OF),KORDESTAN,1.0360587444100946,0.6779199122812984,1.5833990157575073
IRAQ,KERBALA,1.0516016589908894,0.6679939663108464,1.6555030508730444
UNITED REPUBLIC OF TANZANIA,KASKAZINI UNGUJA,0.9999610577984335,0.5596394512465622,1.786725569268035
MADAGASCAR,AMORON'I MANIA,0.9991730120082106,0.6249665575213325,1.597440208457046
LIBYA,JABAL NAFOSA,0.8125568191870974,0.5675883175398418,1.1632525970041785
KENYA,GARISSA,0.9099944391921935,0.7013138226315014,1.1807693683457112
LEBANON,NABATIYE,0.9811663950793539,0.6215104816124969,1.548948124471434
KENYA,TANA RIVER,0.9839700639472041,0.6932482807483933,1.3966094307497623
RWANDA,EST,1.0741480800234295,0.7517341584245425,1.5348432486240913
CÔTE D’IVOIRE,ME,0.9546823865670762,0.6891571979435407,1.322511702614587
BENIN,ATACORA,0.9328828613437858,0.6761538208132221,1.2870894258088805
TURKMENISTAN,LEBAP,0.9792204949496804,0.7059986928402183,1.3581792536640138
IRAQ,KIRKUK,0.9698463350389105,0.6344246826694769,1.482606114299692
SOMALIA,SAHIL,0.9168110166865134,0.6103765951127815,1.377088255100031
MALAWI,NORTHERN,1.140516570940753,0.8055989918142996,1.6146718923529868
SYRIAN ARAB REPUBLIC,SWIEDA,1.0179119468363667,0.6378105800745367,1.6245336215512698
BURUNDI,KAYANZA,1.0186619749291317,0.7047054170647068,1.4724907656999615
KENYA,UASIN GISHU,1.0686217119659356,0.7239668290224376,1.5773545382279066
GUINEA,KANKAN,0.7602363602912696,0.6365806621010146,0.9079121593191032
BURKINA FASO,DEDOUGOU,1.0500076579651652,0.7695387683662409,1.4326972559500455
YEMEN,ALMAHAWEET,1.2301846192079893,0.8111096209855625,1.865782575106265
ALGERIA,GHARDAIA,0.783991010253774,0.5466679801725002,1.1243422451133573
AFGHANISTAN,SAR-E-PUL,0.9586318335258079,0.6897826194435944,1.3322675381272062
AFGHANISTAN,BADGHIS,0.7948244099158792,0.6230139705603928,1.0140155316740005
KENYA,HOMA BAY,1.084546594339707,0.7390985683176189,1.5914539220002701
BENIN,ZOU,0.9182083435313323,0.6527632755220671,1.29159619382119
BURUNDI,MWARO,1.041200082873562,0.6909968220225288,1.5688894333881145
ALGERIA,TINDOUF,0.8516711710567654,0.5636479929440952,1.2868737096366183
OMAN,DAKHLIYAH,1.3458067880332554,0.7802295654558502,2.3213628282058187
LESOTHO,BUTHA-BUTHE,1.3078555977855453,0.7143224316673561,2.3945576798791133
UZBEKISTAN,NAVOI,1.0316297757205939,0.6698808258825446,1.5887303428206059
CONGO,LIKOUALA,0.9376776165521222,0.6691971760886829,1.3138718213394713
KYRGYZSTAN,TALAS,1.0986619352677278,0.6283674737787224,1.9209429169646897
SUDAN,SOUTH DARFUR,1.0080713040282678,0.7238309536850521,1.4039296728493027
CHAD,MAYO KEBBI EST,0.5724315302029463,0.4829813439097357,0.6784482690737772
AFGHANISTAN,DAYKUNDI,0.9281501845171581,0.6793147832146139,1.2681348710573774
UGANDA,WEST NILE,1.0617076216424346,0.7380420475655401,1.5273155202631388
IRAQ,BABYLON,1.0748434834515839,0.7295922753199673,1.5834714168426143
CONGO,CUVETTE,0.9682044268062495,0.6714809294408448,1.396048303066218
SENEGAL,KAOLACK,1.186824681999689,0.782052489143415,1.8010975546493773
EGYPT,ISMAILIA,0.9282006435628587,0.639928036665603,1.346333314601617
SIERRA LEONE,WESTERN AREA,0.8337030719742857,0.6100708396634009,1.139311645517844
LIBYA,AL JABAL AL AKHDAR,0.9404119288212911,0.5556981823020074,1.591465698530478
MAURITANIA,NOUAKCHOTT OUEST,0.9351482181447588,0.603886243943964,1.448124044336511
RWANDA,MVK,1.0740257465731124,0.6812679708515926,1.6932122948037693
CHAD,BORKOU,0.6561769653387252,0.507299763142355,0.84874514266295
BURUNDI,GITEGA,1.0375059464547727,0.7190005325219758,1.4971040218195044
CHAD,OUADDAI,0.5872541348569666,0.5024819731749061,0.6863279427271348
BURKINA FASO,ZINIARE,1.0032055503357586,0.7122378012252495,1.4130412265301648
ANGOLA,LUNDA NORTE,1.186390269784908,0.883575141944579,1.5929849148343223
CÔTE D’IVOIRE,TONKPI,1.1162250294438343,0.8074756851066582,1.5430288977584683
GAMBIA,NORTH BANK WEST REGION,1.1880428253095558,0.6816304313532788,2.0706906409200236
UNITED REPUBLIC OF TANZANIA,KILIMANJARO,1.0684362231557434,0.7299616846809833,1.5638573734869499
SAUDI ARABIA,MAK,1.1968300285437665,0.7743187319442514,1.8498869498190074
SIERRA LEONE,SOUTHERN,0.9844604760681694,0.6770974471370199,1.4313485201255582
SYRIAN ARAB REPUBLIC,HASAKEH,0.8450510647085218,0.6018920532882358,1.1864441440349636
CÔTE D’IVOIRE,BELIER,1.0448061811001002,0.7501051020417356,1.4552893362458927
MADAGASCAR,BONGOLAVA,0.9994602753912075,0.6092445621266126,1.639605675918162
CENTRAL AFRICAN REPUBLIC,RS2,0.8777893992070884,0.677310296367422,1.1376089120345487
CHAD,LAC,0.6005467855725828,0.4964877154125708,0.7264156402376727
OMAN,MUSANDAM,1.2929120598530566,0.6834376530797418,2.445902105306502
KENYA,NAROK,1.0698303481165228,0.7494916227635563,1.527084411605481
IRAQ,NINEWA,0.9038419022014335,0.6440958923070134,1.268336274043043
QATAR,ALRAYYAN,1.6127030744811381,0.7969776735586395,3.2633426163971007
LEBANON,BEKKA,0.97285399204969,0.627208174819773,1.5089804754521545
LEBANON,SOUTH,0.9777197685810899,0.5793308528573203,1.6500691119064086
UNITED REPUBLIC OF TANZANIA,SONGWE,1.0588706652754978,0.7520282178321589,1.4909109248759762
EQUATORIAL GUINEA,ANNOBON,1.0001452177343446,0.5597680041645259,1.7869732623425854
KENYA,LAIKIPIA,1.0097351612574843,0.7041485185469111,1.4479404117524324
JORDAN,TAFILEH,1.0733700660668009,0.6392484498148786,1.8023091007289849
BOTSWANA,SELIBE PHIKWE,1.2645208486274169,0.8210418220701379,1.9475414450651547
AFGHANISTAN,FARAH,0.8650728142040329,0.710020791420288,1.0539845916031882
UZBEKISTAN,NAMANGAN,1.080170635890875,0.6747317445107412,1.729233302172465
NAMIBIA,OSHIKOTO,1.2513770253053536,0.8168700326196244,1.917005639734689
ZIMBABWE,HARARE,1.3754596698358665,0.8943191876291027,2.115451987964734
ALGERIA,BATNA,0.8513559945073573,0.5549581787418082,1.3060570276248258
SAUDI ARABIA,GUF,1.196409547014265,0.7538724614339555,1.8987240911601855
SOUTH SUDAN,EASTERN EQUATORIA,1.0343144405276807,0.7529554419507887,1.420809655233239
SUDAN,BLUE NILE,1.05553779186473,0.6955202736114215,1.6019087758139703
SOMALIA,BARI,0.9536296813330946,0.5701544865251984,1.595023086921317
GABON,MOYEN-OGOOUE,0.9667764111652746,0.6432929512006752,1.4529253389783288
ALGERIA,OUARGLA,0.7877283692581984,0.5655937117050125,1.0971055209641618
CONGO,POINTE NOIRE,1.0547103412905308,0.6282661836484523,1.770609230573585
ESWATINI,LUBOMBO,1.1746034015810765,0.7135139085367118,1.93365978504237
SENEGAL,KOLDA,1.1042540340419986,0.7616050768382276,1.601062031729385
SAUDI ARABIA,QAS,1.1735668218055366,0.730274606174529,1.8859468391724354
TOGO,KARA,0.9681276862097024,0.7008066555071913,1.3374176878035289
SAUDI ARABIA,HAL,1.144135484358201,0.7673434933892364,1.705945274632777
GUINEA,LABE,0.9565073461992353,0.6875126319269257,1.3307483540612928
CHAD,BATHA,0.6431439484804312,0.5293062481603534,0.7814646811833753
CHAD,TANDJILE,0.704820161693536,0.5885371479427465,0.844078342490675
SOMALIA,NUGAL,0.8932087684396043,0.6086217688308834,1.3108665264306114
ALGERIA,CONSTANTINE,0.8814726037848799,0.5447879110142234,1.426231998754852
SOMALIA,MIDDLE JUBA,0.7444514309847711,0.5580001719231424,0.9932038751622625
ALGERIA,TIPAZA,0.809653150774169,0.49227909250737373,1.331639378019536
SENEGAL,FATICK,1.220374502182617,0.8012675009009408,1.8586975309779756
SAUDI ARABIA,BAH,1.2014017320623072,0.770246322233585,1.8739019975022972
BOTSWANA,BOBIRWA,1.19381168822477,0.7708083510163743,1.8489503195740569
MADAGASCAR,ATSINANANA,0.999264585869736,0.6138411201111865,1.6266908160087934
UNITED ARAB EMIRATES,SHARJAH,1.2953362711007508,0.7365409018578253,2.2780758692381267
TOGO,LOMÉ-COMMUNE,1.2565986343077649,0.8436127537796488,1.8717594306979672
QATAR,DOHA,1.6404335488476929,0.7792458306597534,3.45336750266174
MADAGASCAR,VAKINANKARATRA,0.9995101119915313,0.6400726804886752,1.560792226299371
MADAGASCAR,BETSIBOKA,0.9999614927046674,0.6058983896221432,1.6503146468432304
EQUATORIAL GUINEA,CENTRO-SUR,0.9135864578658254,0.6002323029712733,1.3905286534299885
BOTSWANA,BOTETI,1.2857673208323546,0.822474196650268,2.0100297493264545
BOTSWANA,CHOBE,1.2622091738115775,0.8437541680225015,1.888194522568119
TOGO,SAVANES,0.8905359172808778,0.6622957726457273,1.1974321031813568
NAMIBIA,OTJOZONDJUPA,1.2716063821837755,0.8608317526476026,1.8783958494064226
CHAD,SALAMAT,0.6292085332120014,0.51061210249567,0.775350557363955
MALI,TOMBOUCTOU,0.8956048475714876,0.6639007965692797,1.2081745452610662
KENYA,KITUI,1.01012798118088,0.7075929357870963,1.4420134610721616
TUNISIA,BEJA,0.9443060460494258,0.5585917735510193,1.596360617588038
KYRGYZSTAN,NARYN,1.10112596414739,0.639781834204389,1.8951435068914038
LIBYA,AL ZAWIYAH,0.8331305109606176,0.5137133388829345,1.351155198350174
BOTSWANA,GOODHOPE,1.2981521728716676,0.7926303821960886,2.1260843664134663
ALGERIA,GUELMA,0.893347909406948,0.5550794834186392,1.4377589355790756
LESOTHO,BEREA,1.3063147647040285,0.7645161810315027,2.232076059111464
CÔTE D’IVOIRE,GUEMON,1.1643192158015205,0.8119369035451591,1.669636187695798
CÔTE D’IVOIRE,GBOKLE,1.0612677832085922,0.711580134829039,1.5828003798153758
UGANDA,ELGON,1.0364873740973148,0.7118978990024596,1.5090732507688376
TUNISIA,KEBILI,0.8433542836565558,0.5512377695236598,1.2902716161421075
ANGOLA,ZAIRE,1.0950938671502206,0.7116850124422908,1.6850580761208187
SUDAN,CENTRAL DARFUR,0.882547979004303,0.6307469600304219,1.2348706923724437
SAUDI ARABIA,BSH,1.2000077108163492,0.7625925588270219,1.8883196398266098
AFGHANISTAN,LOGAR,0.8823804957086815,0.6770427186570781,1.1499944061896876
UNITED REPUBLIC OF TANZANIA,KATAVI,1.0078405520977296,0.7013337228199727,1.4483013512718108
ALGERIA,ILISII,0.7430234623542333,0.5228385605842254,1.055935631434623
MAURITANIA,BRAKNA,1.0172339447230516,0.7102575572365081,1.4568868542883453
LIBERIA,MARYLAND,1.103334691133794,0.6680824565426848,1.8221514855502416
LESOTHO,MOHALES HOEK,1.3097558174698176,0.7775068309262773,2.206360424322356
DJIBOUTI,DIKHIL,0.8982464405022544,0.627640514230187,1.285523559397029
MALI,KIDAL,0.7980930116591202,0.5927458879260749,1.0745792897656727
UNITED REPUBLIC OF TANZANIA,MBEYA,1.0392754470540677,0.7233144649723113,1.4932557098671884
UNITED REPUBLIC OF TANZANIA,RUKWA,0.97943619286720085,0.6674834219564886,1.437182144668654
UNITED REPUBLIC OF TANZANIA,KUSINI UNGUJA,0.9998735477519167,0.559576877922754,1.7866126191726182
BOTSWANA,NORTH EAST,1.2682887717433433,0.7770708823941415,2.0700253284157375
BOTSWANA,KWENENG EAST,1.2767432212526222,0.8119102222001243,2.0077013547105365
EQUATORIAL GUINEA,BIOKO-SUR,0.9976548850126862,0.55936544457223,1.7793649558578608
ALGERIA,SKIKDA,0.8857696001017624,0.5426473157001754,1.4458521433061693
SOUTH AFRICA,FREE STATE,1.2951723327628741,0.8267318332232813,2.0290392895774505
SOMALIA,KARKAR,0.9238744495084893,0.5900993290800743,1.4464412284373085
NAMIBIA,KARAS,1.3137987948200254,0.7452538717757232,2.316079578570771
GUINEA,MAMOU,0.9062133461286083,0.6474866713194076,1.2683236042962467
UNITED REPUBLIC OF TANZANIA,GEITA,1.0696583478267947,0.7305309313257194,1.5662156549609576
MAURITANIA,TAGANT,0.9824479171821382,0.6831536927802208,1.4128649529031236
SAUDI ARABIA,JED,1.1975052966367752,0.7565119380110311,1.8955668290487993
LIBERIA,GRAND CAPE MOUNT,1.0379056003385283,0.683831758240526,1.5753115034987604
LESOTHO,QUTHING,1.3092434534568507,0.7736876232454573,2.215517437424231
KYRGYZSTAN,OSH CITY,1.0860633415270011,0.6065301303445955,1.9447238031499843
CÔTE D’IVOIRE,GBEKE,1.0936529432520108,0.7726597748582636,1.547999260739557
UNITED REPUBLIC OF TANZANIA,KASKAZINI PEMBA,1.0000343814887196,0.5597489016834732,1.7866381892876804
BOTSWANA,SOUTH EAST,1.2793966446617662,0.8048286147415117,2.033794207102712
BURKINA FASO,KOUDOUGOU,1.0534343944689775,0.7757516390271808,1.430514571444352
BAHRAIN,CAPITAL,1.804861443158638,0.6572804455427844,4.956065331154989
TUNISIA,TATAOUINE,0.8154676186685968,0.5430028349341968,1.224648186556186
CÔTE D’IVOIRE,INDENIE-DJUABLIN,1.03067474954042,0.7396988610591841,1.4361120386465118
GABON,ESTUAIRE,0.9451072499258603,0.614959414437902,1.452498641197109
SOUTH SUDAN,NORTHERN BAHR EL GHAZAL,1.1308456869802466,0.7744654201802358,1.6512189368819294
KENYA,WEST POKOT,1.0465393529255964,0.7141704489432744,1.5335899417884227
CÔTE D’IVOIRE,MARAHOUE,1.1100127831669997,0.7712061109374382,1.5976641799381457
MALI,GAO,0.8491870760107975,0.620691210575255,1.1617994226073172
IRAN (ISLAMIC REPUBLIC OF),GHOM,1.0241257839967592,0.6637391262005751,1.5801895353838642
NAMIBIA,OSHANA,1.243011616548138,0.8024730046690682,1.9253954586432342
ALGERIA,NAAMA,0.8575277489755154,0.5581996853968982,1.3173669915993482
SAUDI ARABIA,NAJ,1.2208257011589538,0.8401591227841284,1.773967992719399
AFGHANISTAN,PARWAN,0.97800751618724735,0.7107927928562972,1.3456786722261103
BOTSWANA,KANYE/MOSHUPA,1.2829981241467148,0.8159617315696358,2.0173546416171764
CÔTE D’IVOIRE,BERE,1.0943903032999656,0.790537521603896,1.5150326242921879
GUINEA-BISSAU,BISSAU,1.1451452886128894,0.6607612408211351,1.9846166073583014
CENTRAL AFRICAN REPUBLIC,RS5,0.92642304515457,0.6987437221584863,1.2282896166025232
SYRIAN ARAB REPUBLIC,HAMA,0.8384022154714604,0.5817033879117195,1.2083792006625387
ETHIOPIA,DIRE DAWA,0.8775538796361504,0.5674331446397285,1.3571657188855402
ANGOLA,LUNDA SUL,1.114271691249756,0.8004688505439342,1.5510927140723823
KENYA,KIAMBU,0.9991511160711739,0.6829017397928715,1.4618544580792339
BURUNDI,MURAMVYA,1.042912515585518,0.70720259052369006,1.5379843481052378
CONGO,SANGHA,0.9107925318046545,0.6546666342788807,1.2671228264212364
IRAQ,DIWANIYA,1.189247324057794,0.7913127570552559,1.7872948277009344
ALGERIA,EL OUED,0.7472040050778334,0.5264689771119584,1.0604876060638715
IRAQ,MISSAN,1.1075124180398084,0.7372749038607388,1.6636721929491722
GUINEA-BISSAU,BOLAMA,1.1534310416919906,0.5469805837767752,2.4322676295976446
JORDAN,JARASH,1.063695346453604,0.6898662995269323,1.6400972055642256
PAKISTAN,AJK,0.8612401909628083,0.5891964753097847,1.258891893641538
ALGERIA,EL TARF,0.9075162936238778,0.5531261252832534,1.4889656907293392
BENIN,DONGA,0.8198056353026376,0.6080768355617284,1.1052571654914414
PAKISTAN,ISLAMABAD,0.8830130224527782,0.5944439424394391,1.3116661507584062
ALGERIA,ANNABA,0.899957443147469,0.522664534490115,1.5496046623225552
ALGERIA,SOUK AHRAS,0.8980651569258137,0.5633565183451416,1.4316352075828298
ALGERIA,LAGHOUAT,0.8205124638874329,0.5370274849003618,1.253642918331336
LIBERIA,RIVER GEE,1.0936445364071687,0.7002696270034806,1.7079969284563994
QATAR,ALWAKRA,1.5975789525054085,0.7892581473100624,3.2337436340528782
KUWAIT,FARWANYIA,1.235931367935148,0.7467264379620681,2.0456304592815853
KUWAIT,JAHRA,1.2026371624145429,0.7850971510665467,1.8422384318369682
QATAR,ALSHEEHANIYA,1.6639558301282518,0.7899910981121168,3.504785068128532
DJIBOUTI,DJIBOUTI,0.789592515767233,0.5749486105115273,1.0843688106332559
ALGERIA,ALGER,0.8217844780429256,0.4879370882091284,1.3840508226807324
KUWAIT,HAWALLI,1.2426998557308582,0.7285871341411188,2.1195857833174236
SAUDI ARABIA,QUR,1.080794340440865,0.7375352280874035,1.5838109989107851
ZIMBABWE,BULAWAYO,1.2810318674293981,0.7555368125692918,2.1720220882277026
SAUDI ARABIA,JOF,1.1120111724329353,0.724134068417023,1.7076518030961423
SIERRA LEONE,EASTERN,1.0397706165018965,0.7397631330924382,1.4614447335612795
MAURITANIA,NOUAKCHOTT NORD,0.9168662174709705,0.5609909215077211,1.4984977982891576
BOTSWANA,MAHALAPYE,1.284913471782752,0.8352160171256038,1.976737270497678
DJIBOUTI,ARTA,0.8022278523542796,0.5931741888090049,1.084958751130324
KENYA,LAMU,0.8789157442062548,0.5791905485068586,1.3337456686838334
ALGERIA,TLEMCEN,0.86734773392916,0.5353107341091896,1.4053372062563596
CÔTE D’IVOIRE,HAUT-SASSANDRA,1.103128295873747,0.8034404372889454,1.5146014323892922
ALGERIA,BOUMERDES,0.8049334942414824,0.502400105702768,1.2896452902721487
BOTSWANA,TUTUME,1.2658323008065837,0.8619578912757888,1.8589439576841384
MAURITANIA,DAKHLET NOUADHIBOU,0.9489386038610073,0.6158310064282668,1.4622265921950948
GUINEA,FARANAH,0.9273898445239596,0.6947369412366742,1.2379533499330415
ALGERIA,BLIDA,0.8212847235240379,0.5195765839899479,1.2981889828718787
MOROCCO,DRAA-TAFILALET,0.8609242644229033,0.5464858270873806,1.3562851081105995
ALGERIA,DJELFA,0.8157178666377716,0.5688306007468165,1.1697606230721076
CÔTE D’IVOIRE,GOH,1.0882745989065519,0.7680845745137432,1.541941658410463
EGYPT,PORT SAID,0.9312106735737521,0.6166813323887932,1.4061611289880511
ALGERIA,MASCARA,0.857757306817552,0.5531117286327356,1.3301970638330785
LIBERIA,LOFA,1.0585039985279041,0.7099310375977056,1.5782247226306965
ALGERIA,BEJAIA,0.8426177134886613,0.5264738961790997,1.3486036368331675
ALGERIA,AIN TEMOUCHENT,0.8669006663276103,0.5270457374440851,1.4259042657734904
SOMALIA,GALBEED,0.8959325874113017,0.6247917115755764,1.2847404764082153
MAURITANIA,HODH EL GHARBI,0.9805341980267924,0.6796318502828761,1.4146589997215013
MAURITANIA,TRARZA,0.9757968537153039,0.678175067689804,1.4040320045446015
ZIMBABWE,MANICALAND,1.2519350357955115,0.8258357694843358,1.8978850175392394
LESOTHO,THABA-TSEKA,1.3014160549138416,0.7846261424451156,2.158586945254611
LEBANON,BEIRUT,0.9788337543045795,0.4740021465247551,2.021331602801004
JORDAN,AJLOON,1.0627470415992506,0.6773749912579903,1.6673648850401657
KYRGYZSTAN,BATKEN,1.060604432318304,0.6735311733163771,1.6701257587150224
BOTSWANA,MABUTSANE,1.2989372071588485,0.8151410705142413,2.0698722333757726
SAUDI ARABIA,RYD,1.1892125831332987,0.832349271753135,1.6990782786460055
LESOTHO,MAFETENG,1.3114551640121443,0.7466936559353768,2.3033738582653407
TAJIKISTAN,DUSHANBE,0.8841489338423861,0.4824559582917839,1.6202916012944235
SENEGAL,KEDOUGOU,0.9422048913071023,0.6426421509209379,1.3814065198350898
MOROCCO,DAKHLA-OU. EDDAHAB,0.918224973170879,0.5943324763479976,1.418628688331987
LIBERIA,BOMI,1.0594778024407492,0.6952762892984586,1.614456340798401
ALGERIA,MEDEA,0.8257220769117639,0.5497895949965225,1.2401416005404569
BOTSWANA,SEROWE/PALAPYE,1.2792807071399632,0.8568935787223878,1.9098744211627863
UNITED ARAB EMIRATES,RAK,1.27080871613578,0.6672972211544446,2.420143141331763
LEBANON,BAALBECK HERMEL,0.9241496986282639,0.609048586854969,1.4022734538879804
BAHRAIN,NORTHERN,1.8048614431586332,0.6572804455427821,4.956065331154972
ESWATINI,HHOHHO,1.2258821559569266,0.7000466732475449,2.146695524345707
UNITED ARAB EMIRATES,DUBAI,1.3111640592692804,0.7085246239320722,2.4263817124361826
BAHRAIN,MUHARRAQ,1.8048614431586925,0.6572804455428048,4.956065331155135
ALGERIA,TIZI OUZOU,0.8248675711508395,0.489893874828214,1.3888855217364717
KYRGYZSTAN,BISHKEK CITY,1.1287168001344368,0.5105331343027305,2.495433752102523
SAUDI ARABIA,EST,1.2839316370281035,0.8854777492117015,1.8616847798030294
QATAR,ALKHOR_ALTAKHI,1.668211005267402,0.7586699827330114,3.6681666883275708
BOTSWANA,GANTSI,1.3063145706929984,0.8706237857168608,1.960040359108448
SAUDI ARABIA,TAF,1.2050945518750769,0.7168347258789698,2.0259242842599035
BOTSWANA,OKAVANGO,1.2640982939063583,0.821185636932933,1.9458992276401341
NAMIBIA,CAPRIVI,1.2420707913997333,0.8689709533455108,1.7753641187992104
UNITED ARAB EMIRATES,ABU DHABI,1.3363287417567145,0.8081559665317146,2.209690431054939
CÔTE D’IVOIRE,MORONOU,1.032864105475159,0.7263445983945207,1.4687357250773605
CÔTE D’IVOIRE,KABADOUGOU,1.0355501749852398,0.7474684359134456,1.4346614698204316
CONGO,PLATEAUX,0.9831482322587325,0.7002840094082096,1.3802691959370894
QATAR,ALDAYEEN,1.6499838197748524,0.7646228529644834,3.560509073151224
BOTSWANA,KGATLENG,1.2719069774488339,0.8077937039917088,2.002673889743062
LESOTHO,MOKHOTLONG,1.2964009993266754,0.737500240943907,2.2788542399717424
KUWAIT,AHMADI,1.2360367374513945,0.7921033970008922,1.9287719534016425
BAHRAIN,SOUTHERN,1.7757573171720102,0.7007050846040952,4.5002014667434596
UNITED ARAB EMIRATES,AJMAN,1.2811478781726118,0.6945043347256981,2.3633256175347728
SAUDI ARABIA,NRT,1.109532422612566,0.7862729866151672,1.5656931088630164
ALGERIA,RELIZANE,0.8483756154871652,0.5392525456694066,1.3347015062483727
BOTSWANA,FRANCISTOWN,1.2409463857862093,0.7956524724388379,1.935452959349956
ALGERIA,TIARET,0.8376235012725942,0.5663158259937785,1.2389078632103587
BURUNDI,RUTANA,1.0460741091243657,0.7037681042773417,1.5548744467525708
JORDAN,AQABA,1.0528438134279996,0.6674630052770448,1.6607363804582937
UZBEKISTAN,TASHKENT CITY,1.0412456278364375,0.49962542320478903,2.1700105861989027
ALGERIA,BISKRA,0.8208146352134466,0.5521320202701048,1.2202455946151958
BENIN,LITTORAL,0.9574555025092248,0.6620151737018132,1.3847432441149847
KUWAIT,CAPITAL,1.2359313679351336,0.7467264379620588,2.045630459281567
JORDAN,ZARKA,1.0687824240499022,0.6910303882298114,1.6530327600847852
BOTSWANA,NGAMI,1.2785085291506801,0.8736360295970687,1.8710126456951721
UGANDA,KAMPALA,1.130320028374693,0.6897949506307264,1.8521784848914158
ALGERIA,BORDJ BOU ARRERIDJ,0.8390288074006239,0.5196053958388724,1.354815298851156
NAMIBIA,OMAHEKE,1.2940983934970265,0.8509393143540415,1.9680494528835621
UNITED ARAB EMIRATES,UAQ,1.1618248894282808,0.5988650573730911,2.2539920422408235
ALGERIA,JIJEL,0.8695706575481025,0.5404141228956201,1.3992105247306619
ALGERIA,KHENCHELA,0.8427237108244946,0.547632705429928,1.296824031406717
ALGERIA,TISSEMSILT,0.8353150788194705,0.5457926593746019,1.2784182214958701
ALGERIA,SETIF,0.8533858382656934,0.5462588646119153,1.3331909761681076
ESWATINI,SHISELWENI,1.1743311278264208,0.6947907766582517,1.984847300960063
ALGERIA,MOSTAGANEM,0.8564453767729225,0.5265124241873793,1.3931270179004747
BOTSWANA,HUKUNTSI,1.3019595462679,0.842846313516947,2.0111598436552165
TURKMENISTAN,ASHGABAT CITY,0.9735564234665315,0.5022399850286052,1.8871697553490585
BOTSWANA,LOBATSE,1.2921660659405274,0.7990394710777471,2.089625359453311
ESWATINI,MANZINI,1.215394251911445,0.7101216640675749,2.080183245104907
ALGERIA,CHLEF,0.8404495307600581,0.529010684327471,1.335238464328542
QATAR,ALSHAMAL,1.6796867137945524,0.7214933090969664,3.910427748843852
SAUDI ARABIA,JIZ,1.1644461053908792,0.7558294133409107,1.7939692587067966
ALGERIA,SIDI BEL ABBES,0.8635534613139626,0.547595789776429,1.3618157671588174
DJIBOUTI,ALI-SABIEH,0.8693206832501389,0.6074455647826372,1.2440924654654597
LESOTHO,QACHAS NEK,1.3021370353386843,0.7746731442454358,2.1887435641675306
SAUDI ARABIA,MED,1.1688686418249594,0.7748679068967729,1.7632087865315846
DJIBOUTI,OBOCK,0.9711869992599617,0.57159150283139315,1.6501368247417696
QATAR,UMM_SLAL,1.6523042702066713,0.7740959351732767,3.5268359867205503
LESOTHO,MASERU,1.3081221806960532,0.7886210358409618,2.169842753185305
SAUDI ARABIA,TAB,1.0966050816524133,0.7305138058919136,1.6461601346981571
NAMIBIA,KHOMAS,1.293055582577951,0.815396946541364,2.050526123169858
